run_date,engine,vertical,source_prompt,rank,citation_url,page_url,creation_date,creation_approx,modified_date,modified_approx,provenance_notes
2026-09-11,ai_mode,travel,"generate flight suggestions for traveling from trichy to chennai, departing tomorrow and returning in 5 days. include approximate pricing and recommended airlines.",1,https://www.skyscanner.com/routes/trz/maa/tiruchirapalli-to-chennai.html,https://www.skyscanner.com/routes/trz/maa/tiruchirapalli-to-chennai.html,,False,,False,"created_date: none — never archived by the Wayback Machine. modified_date: none — only an HTTP Last-Modified header (deploy time, not an edit); never archived by the Wayback Machine"
2026-09-11,ai_mode,travel,"generate flight suggestions for traveling from trichy to chennai, departing tomorrow and returning in 5 days. include approximate pricing and recommended airlines.",2,https://flights.airindiaexpress.com/en-in/tiruchirappalli-to-chennai-flights,https://flights.airindiaexpress.com/en-in/tiruchirappalli-to-chennai-flights,,False,,False,created_date: none — never archived by the Wayback Machine. modified_date: none — page declares no modified date; never archived by the Wayback Machine
2026-09-11,ai_mode,travel,"generate flight suggestions for traveling from trichy to chennai, departing tomorrow and returning in 5 days. include approximate pricing and recommended airlines.",3,https://www.google.com/travel/flights/flights-from-tiruchirappalli-to-chennai.html,https://www.google.com/travel/flights/flights-from-tiruchirappalli-to-chennai.html,,False,,False,"platform page (Google surface, video or social); never states page dates; not checked"
2026-09-11,ai_mode,travel,"generate flight suggestions for traveling from trichy to chennai, departing tomorrow and returning in 5 days. include approximate pricing and recommended airlines.",4,https://www.goindigo.in/domestic-flights/tiruchirappalli-to-chennai-flights.html,https://www.goindigo.in/domestic-flights/tiruchirappalli-to-chennai-flights.html,2020-09-21,True,,False,"created_date: APPROXIMATE, upper bound — first Wayback Machine capture 2020-09-21; the page existed by then (11 monthly captures on record). modified_date: none — page declares no modified date; live fetch refused and no recent Wayback capture to stand in"
2026-09-11,ai_mode,wellness,best iranan center for hair removal laser,1,https://www.google.com/searchviewer/10?svid=CAwSGxIZCgNwdnESEkNnc3ZaeTh4ZEdOMmF6QXpOQRgK,https://www.google.com/searchviewer/10?svid=CAwSGxIZCgNwdnESEkNnc3ZaeTh4ZEdOMmF6QXpOQRgK,,False,,False,"platform page (Google surface, video or social); never states page dates; not checked"
2026-09-11,ai_mode,wellness,best iranan center for hair removal laser,2,https://www.google.com/searchviewer/10?svid=CAwSHRIbCgNwdnESFENnMHZaeTh4TVhaeE0zWjVNMko0GAo,https://www.google.com/searchviewer/10?svid=CAwSHRIbCgNwdnESFENnMHZaeTh4TVhaeE0zWjVNMko0GAo,,False,,False,"platform page (Google surface, video or social); never states page dates; not checked"
2026-09-11,ai_mode,wellness,best iranan center for hair removal laser,3,https://www.google.com/searchviewer/10?svid=CAwSHRIbCgNwdnESFENnMHZaeTh4TVhJNE5HSnNPV0pzGAo,https://www.google.com/searchviewer/10?svid=CAwSHRIbCgNwdnESFENnMHZaeTh4TVhJNE5HSnNPV0pzGAo,,False,,False,"platform page (Google surface, video or social); never states page dates; not checked"
2026-09-11,ai_mode,wellness,best iranan center for hair removal laser,4,https://www.google.com/searchviewer/10?svid=CAwSHRIbCgNwdnESFENnMHZaeTh4TVhnek1UUmliWFp1GAo,https://www.google.com/searchviewer/10?svid=CAwSHRIbCgNwdnESFENnMHZaeTh4TVhnek1UUmliWFp1GAo,,False,,False,"platform page (Google surface, video or social); never states page dates; not checked"
2026-09-11,ai_mode,wellness,best iranan center for hair removal laser,5,https://www.google.com/searchviewer/10?svid=CAwSHRIbCgNwdnESFENnMHZaeTh4TVdKNVgzaDZNR3B5GAo,https://www.google.com/searchviewer/10?svid=CAwSHRIbCgNwdnESFENnMHZaeTh4TVdKNVgzaDZNR3B5GAo,,False,,False,"platform page (Google surface, video or social); never states page dates; not checked"
2026-09-11,ai_mode,wellness,best iranan center for hair removal laser,6,https://www.google.com/searchviewer/10?svid=CAwSGxIZCgNwdnESEkNnc3ZaeTh4ZEdoeU9ESTFlURgK,https://www.google.com/searchviewer/10?svid=CAwSGxIZCgNwdnESEkNnc3ZaeTh4ZEdoeU9ESTFlURgK,,False,,False,"platform page (Google surface, video or social); never states page dates; not checked"
2026-09-11,ai_mode,wellness,best iranan center for hair removal laser,7,https://www.google.com/searchviewer/10?svid=CAwSHRIbCgNwdnESFENnMHZaeTh4TVdwNmEzUm5ObmMzGAo,https://www.google.com/searchviewer/10?svid=CAwSHRIbCgNwdnESFENnMHZaeTh4TVdwNmEzUm5ObmMzGAo,,False,,False,"platform page (Google surface, video or social); never states page dates; not checked"
2026-09-11,ai_mode,wellness,best iranan center for hair removal laser,8,https://www.google.com/searchviewer/10?svid=CAwSHRIbCgNwdnESFENnMHZaeTh4TVdnMFkydzJPR3d5GAo,https://www.google.com/searchviewer/10?svid=CAwSHRIbCgNwdnESFENnMHZaeTh4TVdnMFkydzJPR3d5GAo,,False,,False,"platform page (Google surface, video or social); never states page dates; not checked"
2026-09-11,ai_mode,wellness,best iranan center for hair removal laser,9,https://www.google.com/searchviewer/10?svid=CAwSHRIbCgNwdnESFENnMHZaeTh4TVdad2FHNW5jMm8xGAo,https://www.google.com/searchviewer/10?svid=CAwSHRIbCgNwdnESFENnMHZaeTh4TVdad2FHNW5jMm8xGAo,,False,,False,"platform page (Google surface, video or social); never states page dates; not checked"
2026-09-11,ai_mode,wellness,best iranan center for hair removal laser,10,https://www.google.com/searchviewer/10?svid=CAwSHRIbCgNwdnESFENnMHZaeTh4TVhReVluZDBhamg2GAo,https://www.google.com/searchviewer/10?svid=CAwSHRIbCgNwdnESFENnMHZaeTh4TVhReVluZDBhamg2GAo,,False,,False,"platform page (Google surface, video or social); never states page dates; not checked"
2026-09-11,ai_mode,wellness,best iranan center for hair removal laser,11,https://www.google.com/searchviewer/10?svid=CAwSHRIbCgNwdnESFENnMHZaeTh4TVhCNWFuSnViR28zGAo,https://www.google.com/searchviewer/10?svid=CAwSHRIbCgNwdnESFENnMHZaeTh4TVhCNWFuSnViR28zGAo,,False,,False,"platform page (Google surface, video or social); never states page dates; not checked"
2026-09-11,ai_mode,wellness,best iranan center for hair removal laser,12,https://www.google.com/searchviewer/10?svid=CAwSHRIbCgNwdnESFENnMHZaeTh4TVhoMmNIRTRlblp5GAo,https://www.google.com/searchviewer/10?svid=CAwSHRIbCgNwdnESFENnMHZaeTh4TVhoMmNIRTRlblp5GAo,,False,,False,"platform page (Google surface, video or social); never states page dates; not checked"
2026-09-11,ai_mode,wellness,best iranan center for hair removal laser,13,https://www.google.com/searchviewer/10?svid=CAwSHRIbCgNwdnESFENnMHZaeTh4TVdOdE1HNTVjSEZuGAo,https://www.google.com/searchviewer/10?svid=CAwSHRIbCgNwdnESFENnMHZaeTh4TVdOdE1HNTVjSEZuGAo,,False,,False,"platform page (Google surface, video or social); never states page dates; not checked"
2026-09-11,ai_mode,wellness,best iranan center for hair removal laser,14,https://www.google.com/searchviewer/10?svid=CAwSGxIZCgNwdnESEkNnc3ZaeTh4ZEdSaU1HMHpNQRgK,https://www.google.com/searchviewer/10?svid=CAwSGxIZCgNwdnESEkNnc3ZaeTh4ZEdSaU1HMHpNQRgK,,False,,False,"platform page (Google surface, video or social); never states page dates; not checked"
2026-09-11,ai_mode,wellness,best iranan center for hair removal laser,15,https://www.google.com/searchviewer/10?svid=CAwSHRIbCgNwdnESFENnMHZaeTh4TVdjd2JtZHRhbVkyGAo,https://www.google.com/searchviewer/10?svid=CAwSHRIbCgNwdnESFENnMHZaeTh4TVdjd2JtZHRhbVkyGAo,,False,,False,"platform page (Google surface, video or social); never states page dates; not checked"
2026-09-11,ai_mode,wellness,best iranan center for hair removal laser,16,https://www.google.com/searchviewer/10?svid=CAwSHRIbCgNwdnESFENnMHZaeTh4TVhreGJEWmpNVjl1GAo,https://www.google.com/searchviewer/10?svid=CAwSHRIbCgNwdnESFENnMHZaeTh4TVhreGJEWmpNVjl1GAo,,False,,False,"platform page (Google surface, video or social); never states page dates; not checked"
2026-09-11,ai_mode,wellness,best iranan center for hair removal laser,17,https://www.google.com/searchviewer/10?svid=CAwSHRIbCgNwdnESFENnMHZaeTh4TVdNME9HTjVZbXd5GAo,https://www.google.com/searchviewer/10?svid=CAwSHRIbCgNwdnESFENnMHZaeTh4TVdNME9HTjVZbXd5GAo,,False,,False,"platform page (Google surface, video or social); never states page dates; not checked"
2026-09-11,ai_mode,wellness,best iranan center for hair removal laser,18,https://www.google.com/searchviewer/10?svid=CAwSHRIbCgNwdnESFENnMHZaeTh4TVdOdVkzSXpkMnRuGAo,https://www.google.com/searchviewer/10?svid=CAwSHRIbCgNwdnESFENnMHZaeTh4TVdOdVkzSXpkMnRuGAo,,False,,False,"platform page (Google surface, video or social); never states page dates; not checked"
2026-09-11,ai_mode,wellness,best iranan center for hair removal laser,19,https://www.google.com/searchviewer/10?svid=CAwSHRIbCgNwdnESFENnMHZaeTh4TVhnM2NXb3pNbkJmGAo,https://www.google.com/searchviewer/10?svid=CAwSHRIbCgNwdnESFENnMHZaeTh4TVhnM2NXb3pNbkJmGAo,,False,,False,"platform page (Google surface, video or social); never states page dates; not checked"
2026-09-11,ai_mode,wellness,best iranan center for hair removal laser,20,https://www.google.com/searchviewer/10?svid=CAwSHRIbCgNwdnESFENnMHZaeTh4TVdoaWJYUm9ZbXQzGAo,https://www.google.com/searchviewer/10?svid=CAwSHRIbCgNwdnESFENnMHZaeTh4TVdoaWJYUm9ZbXQzGAo,,False,,False,"platform page (Google surface, video or social); never states page dates; not checked"
2026-09-11,ai_mode,shopping,explain the difference between snapdragon 7+ gen 3 and dimensity 8300,1,https://nanoreview.net/en/soc-compare/qualcomm-snapdragon-7-plus-gen-3-vs-mediatek-dimensity-8300,https://nanoreview.net/en/soc-compare/qualcomm-snapdragon-7-plus-gen-3-vs-mediatek-dimensity-8300,2024-05-02,True,2026-09-11,True,"created_date: APPROXIMATE, upper bound — first Wayback Machine capture 2024-05-02; the page existed by then (3 monthly captures on record). modified_date: APPROXIMATE — rotating listing (directory, route or deals page); entries differ under every Wayback capture, so treated as updated at the run date"
2026-09-11,ai_mode,shopping,explain the difference between snapdragon 7+ gen 3 and dimensity 8300,2,https://nanoreview.net/en/soc-compare/qualcomm-snapdragon-7-gen-3-vs-mediatek-dimensity-8300,https://nanoreview.net/en/soc-compare/qualcomm-snapdragon-7-gen-3-vs-mediatek-dimensity-8300,2024-04-28,True,2026-09-11,True,"created_date: APPROXIMATE, upper bound — first Wayback Machine capture 2024-04-28; the page existed by then (7 monthly captures on record). modified_date: APPROXIMATE — rotating listing (directory, route or deals page); entries differ under every Wayback capture, so treated as updated at the run date"
2026-09-11,ai_mode,shopping,explain the difference between snapdragon 7+ gen 3 and dimensity 8300,3,https://www.91mobiles.com/processor/qualcomm-snapdragon-7-gen-3-vs-mediatek-dimensity-8300-ultra,https://www.91mobiles.com/processor/qualcomm-snapdragon-7-gen-3-vs-mediatek-dimensity-8300-ultra,,False,,False,created_date: none — page declares no publish date. modified_date: none — page declares no modified date; Wayback fetch error
2026-09-11,ai_mode,shopping,explain the difference between snapdragon 7+ gen 3 and dimensity 8300,4,https://www.youtube.com/watch?v=G35G2S_nOpQ,https://www.youtube.com/watch?v=G35G2S_nOpQ,,False,,False,"platform page (Google surface, video or social); never states page dates; not checked"
2026-09-11,ai_mode,shopping,explain the difference between snapdragon 7+ gen 3 and dimensity 8300,5,https://medium.com/technology-hits/mediatek-dimensity-8300-vs-snapdragon-7-gen-3-the-ultimate-2025-showdown-be61934a68de,https://medium.com/technology-hits/mediatek-dimensity-8300-vs-snapdragon-7-gen-3-the-ultimate-2025-showdown-be61934a68de,,False,,False,created_date: none — never archived by the Wayback Machine. modified_date: none — page declares no modified date; never archived by the Wayback Machine
2026-09-11,ai_mode,shopping,explain the difference between snapdragon 7+ gen 3 and dimensity 8300,6,https://www.mediatek.com/press-room/mediateks-new-dimensity-8300-chipset-redefines-premium-experiences-in-5g-smartphones,https://www.mediatek.com/press-room/mediateks-new-dimensity-8300-chipset-redefines-premium-experiences-in-5g-smartphones,2023-11-21,False,2026-07-17,False,"created_date: declared by the page, JSON-LD datePublished, live fetch 2026-09-11. modified_date: declared by the page, JSON-LD dateModified, live fetch 2026-09-11"
2026-09-11,ai_mode,shopping,explain the difference between snapdragon 7+ gen 3 and dimensity 8300,7,https://community.oppo.com/thread/1470506916504403974,https://community.oppo.com/thread/1470506916504403974,,False,,False,"created_date: none — never archived by the Wayback Machine. modified_date: none — only an HTTP Last-Modified header (deploy time, not an edit); never archived by the Wayback Machine"
2026-09-11,ai_mode,shopping,explain the difference between snapdragon 7+ gen 3 and dimensity 8300,8,https://www.bajajfinserv.in/mediatek-dimensity-1000l-vs-mediatek-dimensity-8300-ultra,https://www.bajajfinserv.in/mediatek-dimensity-1000l-vs-mediatek-dimensity-8300-ultra,2026-07-27,False,2026-07-27,False,"created_date: declared by the page, JSON-LD datePublished, live fetch 2026-09-11. modified_date: declared by the page, JSON-LD dateModified, live fetch 2026-09-11"
2026-09-11,ai_mode,finance,What is the best strategy in managing credit card debt while growing a credit score?,1,https://www.experian.com/blogs/ask-experian/credit-education/improving-credit/improve-credit-score/,https://www.experian.com/blogs/ask-experian/credit-education/improving-credit/improve-credit-score/,2026-05-08,False,2026-05-08,False,"created_date: declared by the page, JSON-LD datePublished, live fetch 2026-09-11. modified_date: declared by the page, Open Graph og:updated_time, live fetch 2026-09-11"
2026-09-11,ai_mode,finance,What is the best strategy in managing credit card debt while growing a credit score?,2,https://www.consumerfinance.gov/ask-cfpb/how-do-i-get-and-keep-a-good-credit-score-en-318/,https://www.consumerfinance.gov/ask-cfpb/how-do-i-get-and-keep-a-good-credit-score-en-318/,2017-07-05,True,2024-12-22,True,"created_date: APPROXIMATE, upper bound — first Wayback Machine capture 2017-07-05; the page existed by then (98 monthly captures on record). modified_date: APPROXIMATE — article prose changed between the Wayback Machine capture of 2024-12-04 and the Wayback capture of 2025-01-09; midpoint reported, window 35 days, 7 captures compared"
2026-09-11,ai_mode,finance,What is the best strategy in managing credit card debt while growing a credit score?,3,https://www.johnsonfinancialgroup.com/resources/blogs/your-financial-life/understanding-your-credit-score-strategies-to-build-and-increase-credit/,https://www.johnsonfinancialgroup.com/resources/blogs/your-financial-life/understanding-your-credit-score-strategies-to-build-and-increase-credit/,2019-11-13,False,2024-07-10,False,"created_date: declared by the page, Open Graph article:published_time, live fetch 2026-09-11. modified_date: declared by the page, JSON-LD dateModified, live fetch 2026-09-11"
2026-09-11,ai_mode,finance,What is the best strategy in managing credit card debt while growing a credit score?,4,https://www.upgrade.com/credit-health/insights/better-money-habits/,https://www.upgrade.com/credit-health/insights/better-money-habits/,2025-10-30,False,2026-08-19,False,"created_date: declared by the page, Open Graph article:published_time, live fetch 2026-09-11. modified_date: declared by the page, Open Graph article:modified_time, live fetch 2026-09-11"
2026-09-11,ai_mode,finance,What is the best strategy in managing credit card debt while growing a credit score?,5,https://www.experian.com/blogs/ask-experian/what-debt-to-pay-off-first-to-raise-credit-score/,https://www.experian.com/blogs/ask-experian/what-debt-to-pay-off-first-to-raise-credit-score/,2025-01-16,False,2025-01-16,False,"created_date: declared by the page, JSON-LD datePublished, live fetch 2026-09-11. modified_date: declared by the page, Open Graph og:updated_time, live fetch 2026-09-11"
2026-09-11,ai_mode,finance,What is the best strategy in managing credit card debt while growing a credit score?,6,https://mycreditunion.gov/brochure-publications/brochure/money-basics-guide-building-and-maintaining-credit,https://mycreditunion.gov/brochure-publications/brochure/money-basics-guide-building-and-maintaining-credit,2025-01-22,False,2025-06-12,False,"created_date: declared by the page, Open Graph article:published_time, live fetch 2026-09-11. modified_date: declared by the page, Open Graph og:updated_time, live fetch 2026-09-11"
2026-09-11,ai_mode,finance,What is the best strategy in managing credit card debt while growing a credit score?,7,https://www.experian.com/blogs/ask-experian/ways-to-improve-credit/,https://www.experian.com/blogs/ask-experian/ways-to-improve-credit/,2025-11-25,False,2025-11-25,False,"created_date: declared by the page, JSON-LD datePublished, live fetch 2026-09-11. modified_date: declared by the page, Open Graph og:updated_time, live fetch 2026-09-11"
2026-09-11,ai_mode,finance,What is the best strategy in managing credit card debt while growing a credit score?,8,https://www.hancockwhitney.com/insights/7-steps-improve-credit-score,https://www.hancockwhitney.com/insights/7-steps-improve-credit-score,2025-07-16,False,2025-08-25,False,"created_date: declared by the page, JSON-LD datePublished, live fetch 2026-09-11. modified_date: declared by the page, JSON-LD dateModified, live fetch 2026-09-11"
2026-09-11,ai_mode,finance,What is the best strategy in managing credit card debt while growing a credit score?,9,https://www.westernsouthern.com/personal-finance/manage-credit-card-debt,https://www.westernsouthern.com/personal-finance/manage-credit-card-debt,2025-06-04,False,2025-06-04,False,"created_date: declared by the page, JSON-LD datePublished, live fetch 2026-09-11. modified_date: declared by the page, JSON-LD dateModified, live fetch 2026-09-11"
2026-09-11,ai_mode,finance,What is the best strategy in managing credit card debt while growing a credit score?,10,https://www.noblebank.com/effective-credit-card-management-strategies/,https://www.noblebank.com/effective-credit-card-management-strategies/,2024-08-06,False,2024-12-05,True,"created_date: declared by the page, Open Graph article:published_time, live fetch 2026-09-11. modified_date: APPROXIMATE, upper bound — article prose identical to the first Wayback Machine capture 2024-12-05; the last edit predates the archive"
2026-09-11,ai_mode,finance,What is the best strategy in managing credit card debt while growing a credit score?,11,https://www.schwab.com/learn/story/how-to-improve-credit-score,https://www.schwab.com/learn/story/how-to-improve-credit-score,,False,2026-06-11,False,"created_date: none — page declares no publish date; not archived. modified_date: declared by the page, JSON-LD dateModified, live fetch 2026-09-11"
2026-09-11,ai_mode,finance,What is the best strategy in managing credit card debt while growing a credit score?,12,https://www.nerdwallet.com/finance/learn/raise-credit-score-fast,https://www.nerdwallet.com/finance/learn/raise-credit-score-fast,2019-08-21,False,2026-02-25,False,"created_date: declared in the Wayback Machine capture of 2026-03-08, JSON-LD datePublished; the live page no longer declares it. modified_date: declared in the Wayback Machine capture of 2026-03-08, JSON-LD dateModified; the live page no longer declares it"
2026-09-11,ai_mode,wellness,"i had a dental procedure and its still bleeding, what can i use to help with it? where do i get it and how much does it cost?",1,https://pmc.ncbi.nlm.nih.gov/articles/PMC12156675/,https://pmc.ncbi.nlm.nih.gov/articles/PMC12156675/,2025-12-18,True,2026-09-11,True,"created_date: APPROXIMATE, upper bound — first Wayback Machine capture 2025-12-18; the page existed by then (2 monthly captures on record). modified_date: APPROXIMATE — rotating listing (directory, route or deals page); entries differ under every Wayback capture, so treated as updated at the run date"
2026-09-11,ai_mode,wellness,"i had a dental procedure and its still bleeding, what can i use to help with it? where do i get it and how much does it cost?",2,https://www.walgreens.com/q/sterile+gauze+pads,https://www.walgreens.com/q/sterile+gauze+pads,2015-09-07,True,2020-04-10,True,"created_date: APPROXIMATE, upper bound — first Wayback Machine capture 2015-09-07; the page existed by then (19 monthly captures on record). modified_date: APPROXIMATE — article prose changed between the Wayback Machine capture of 2016-05-18 and the Wayback capture of 2024-03-02; midpoint reported, window 2844 days, 2 captures compared"
2026-09-11,ai_mode,wellness,"i had a dental procedure and its still bleeding, what can i use to help with it? where do i get it and how much does it cost?",3,https://www.youtube.com/watch?v=U8O91v88p7A,https://www.youtube.com/watch?v=U8O91v88p7A,,False,,False,"platform page (Google surface, video or social); never states page dates; not checked"
2026-09-11,ai_mode,wellness,"i had a dental procedure and its still bleeding, what can i use to help with it? where do i get it and how much does it cost?",4,https://www.instagram.com/reel/DJMBlEUP2kw/,https://www.instagram.com/reel/DJMBlEUP2kw/,,False,,False,"platform page (Google surface, video or social); never states page dates; not checked"
2026-09-11,ai_mode,finance,"What is the cheapest way to get dollars for the trip beforehand? Or how should I pay there, as I am from Germany",1,https://www.ricksteves.com/travel-tips/money/cash-tips,https://www.ricksteves.com/travel-tips/money/cash-tips,2013-08-24,False,2026-04-02,False,"created_date: declared in the Wayback Machine capture of 2025-04-05, JSON-LD datePublished; the live page no longer declares it. modified_date: declared by the page, JSON-LD dateModified, fetched through a residential proxy on a later day after the direct fetch was refused"
2026-09-11,ai_mode,finance,"What is the cheapest way to get dollars for the trip beforehand? Or how should I pay there, as I am from Germany",2,https://www.facebook.com/groups/789547842998320/posts/1419714963314935/,https://www.facebook.com/groups/789547842998320/posts/1419714963314935/,,False,,False,"platform page (Google surface, video or social); never states page dates; not checked"
2026-09-11,ai_mode,finance,"What is the cheapest way to get dollars for the trip beforehand? Or how should I pay there, as I am from Germany",3,https://www.bankrate.com/personal-finance/ordering-foreign-currency-before-traveling/,https://www.bankrate.com/personal-finance/ordering-foreign-currency-before-traveling/,2025-02-17,False,2025-02-17,False,"created_date: declared by the page, Open Graph article:published_time, live fetch 2026-09-11. modified_date: declared by the page, Open Graph article:modified_time, live fetch 2026-09-11"
2026-09-11,ai_mode,finance,"What is the cheapest way to get dollars for the trip beforehand? Or how should I pay there, as I am from Germany",4,https://www.ricksteves.com/travel-tips/money/cash-machine-atm-tips,https://www.ricksteves.com/travel-tips/money/cash-machine-atm-tips,2013-08-24,False,2024-03-05,False,"created_date: declared in the Wayback Machine capture of 2025-04-03, JSON-LD datePublished; the live page no longer declares it. modified_date: declared by the page, JSON-LD dateModified, fetched through a residential proxy on a later day after the direct fetch was refused"
2026-09-11,ai_mode,wellness,"I want you to compare in general and highlight the effectivenes, cost, time period, advantages/disadvantages of the following three options for hair growth: dermaroller (2-3 times a week), dermaroller (2-3 times a week)+ minoxidil (daily once), hair transplant.",1,https://www.youtube.com/watch?v=wJOIVwOVn10&t=0,https://www.youtube.com/watch?v=wJOIVwOVn10&t=0,,False,,False,"platform page (Google surface, video or social); never states page dates; not checked"
2026-09-11,ai_mode,wellness,"I want you to compare in general and highlight the effectivenes, cost, time period, advantages/disadvantages of the following three options for hair growth: dermaroller (2-3 times a week), dermaroller (2-3 times a week)+ minoxidil (daily once), hair transplant.",2,https://www.instagram.com/reel/DFLp4UtIPKS/,https://www.instagram.com/reel/DFLp4UtIPKS/,,False,,False,"platform page (Google surface, video or social); never states page dates; not checked"
2026-09-11,ai_mode,wellness,"I want you to compare in general and highlight the effectivenes, cost, time period, advantages/disadvantages of the following three options for hair growth: dermaroller (2-3 times a week), dermaroller (2-3 times a week)+ minoxidil (daily once), hair transplant.",3,https://www.youtube.com/shorts/rudGoRmtuCQ,https://www.youtube.com/shorts/rudGoRmtuCQ,,False,,False,"platform page (Google surface, video or social); never states page dates; not checked"
2026-09-11,ai_mode,wellness,"I want you to compare in general and highlight the effectivenes, cost, time period, advantages/disadvantages of the following three options for hair growth: dermaroller (2-3 times a week), dermaroller (2-3 times a week)+ minoxidil (daily once), hair transplant.",4,https://www.youtube.com/watch?v=XIFWVYfFLCs&t=48,https://www.youtube.com/watch?v=XIFWVYfFLCs&t=48,,False,,False,"platform page (Google surface, video or social); never states page dates; not checked"
2026-09-11,ai_mode,wellness,"I want you to compare in general and highlight the effectivenes, cost, time period, advantages/disadvantages of the following three options for hair growth: dermaroller (2-3 times a week), dermaroller (2-3 times a week)+ minoxidil (daily once), hair transplant.",5,https://www.youtube.com/watch?v=835Mv3IUHTE&t=415,https://www.youtube.com/watch?v=835Mv3IUHTE&t=415,,False,,False,"platform page (Google surface, video or social); never states page dates; not checked"
2026-09-11,ai_mode,wellness,"I want you to compare in general and highlight the effectivenes, cost, time period, advantages/disadvantages of the following three options for hair growth: dermaroller (2-3 times a week), dermaroller (2-3 times a week)+ minoxidil (daily once), hair transplant.",6,https://www.youtube.com/watch?v=wJOIVwOVn10,https://www.youtube.com/watch?v=wJOIVwOVn10,,False,,False,"platform page (Google surface, video or social); never states page dates; not checked"
2026-09-11,ai_mode,wellness,will i get fare skin by using kojic acid body wash?,1,https://www.youtube.com/watch?v=3MMm5s9k4Z8&t=89,https://www.youtube.com/watch?v=3MMm5s9k4Z8&t=89,,False,,False,"platform page (Google surface, video or social); never states page dates; not checked"
2026-09-11,ai_mode,wellness,will i get fare skin by using kojic acid body wash?,2,https://www.youtube.com/watch?v=3MMm5s9k4Z8&t=152,https://www.youtube.com/watch?v=3MMm5s9k4Z8&t=152,,False,,False,"platform page (Google surface, video or social); never states page dates; not checked"
2026-09-11,ai_mode,wellness,will i get fare skin by using kojic acid body wash?,3,https://www.instagram.com/reel/DXfcRNsoBLL/,https://www.instagram.com/reel/DXfcRNsoBLL/,,False,,False,"platform page (Google surface, video or social); never states page dates; not checked"
2026-09-11,ai_mode,wellness,will i get fare skin by using kojic acid body wash?,4,https://www.instagram.com/reel/DYy9OHtDizH/?hl=en,https://www.instagram.com/reel/DYy9OHtDizH/?hl=en,,False,,False,"platform page (Google surface, video or social); never states page dates; not checked"
2026-09-11,ai_mode,wellness,will i get fare skin by using kojic acid body wash?,5,https://www.reddit.com/r/SkincareAddiction/comments/vlm916/product_question_does_kojic_acid_soap_lighten/,https://www.reddit.com/r/SkincareAddiction/comments/vlm916/product_question_does_kojic_acid_soap_lighten/,,False,,False,"platform page (Google surface, video or social); never states page dates; not checked"
2026-09-11,ai_mode,saas,"we're using salesmartly for customer chat but its getting expensive. whats else is out there thats similar? small team, mostly whatsapp and instagram dms",1,https://manychat.com/pricing,https://manychat.com/pricing,2017-11-27,True,2024-09-04,True,"created_date: APPROXIMATE, upper bound — first Wayback Machine capture 2017-11-27; the page existed by then (67 monthly captures on record). modified_date: APPROXIMATE — article prose changed between the Wayback Machine capture of 2022-09-03 and the Wayback capture of 2026-09-06; midpoint reported, window 1463 days, 1 captures compared"
2026-09-11,ai_mode,saas,"we're using salesmartly for customer chat but its getting expensive. whats else is out there thats similar? small team, mostly whatsapp and instagram dms",2,https://www.featurebase.app/blog/manychat-pricing,https://www.featurebase.app/blog/manychat-pricing,2025-10-28,False,2026-04-30,False,"created_date: declared by the page, JSON-LD datePublished, live fetch 2026-09-11. modified_date: declared by the page, JSON-LD dateModified, live fetch 2026-09-11"
2026-09-11,ai_mode,saas,"we're using salesmartly for customer chat but its getting expensive. whats else is out there thats similar? small team, mostly whatsapp and instagram dms",3,https://respond.io/blog/best-instagram-chatbots,https://respond.io/blog/best-instagram-chatbots,2025-12-09,False,2026-08-14,False,"created_date: declared by the page, JSON-LD datePublished, live fetch 2026-09-11. modified_date: declared by the page, JSON-LD dateModified, live fetch 2026-09-11"
2026-09-11,ai_mode,saas,"we're using salesmartly for customer chat but its getting expensive. whats else is out there thats similar? small team, mostly whatsapp and instagram dms",4,https://welovejoe.com/blog/best-unified-inbox,https://welovejoe.com/blog/best-unified-inbox,2026-06-29,False,2026-09-07,False,"created_date: declared by the page, JSON-LD datePublished, live fetch 2026-09-11. modified_date: declared by the page, JSON-LD dateModified, live fetch 2026-09-11"
2026-09-11,ai_mode,local_services,"best hairdressers In Shanghai
Where are they all
What is the cost for an haircut at each place",1,https://www.reddit.com/r/shanghai/comments/5wh31s/recommendations_for_a_good_mens_haircut/,https://www.reddit.com/r/shanghai/comments/5wh31s/recommendations_for_a_good_mens_haircut/,,False,,False,"platform page (Google surface, video or social); never states page dates; not checked"
2026-09-11,ai_mode,local_services,"best hairdressers In Shanghai
Where are they all
What is the cost for an haircut at each place",2,https://www.reddit.com/r/shanghai/comments/82fmuu/where_to_get_a_cheap_and_good_haircut_in_sh/,https://www.reddit.com/r/shanghai/comments/82fmuu/where_to_get_a_cheap_and_good_haircut_in_sh/,,False,,False,"platform page (Google surface, video or social); never states page dates; not checked"
2026-09-11,ai_mode,local_services,"best hairdressers In Shanghai
Where are they all
What is the cost for an haircut at each place",3,https://www.smartshanghai.com/venue/17088/gillian_at_alize_dagu_lu,https://www.smartshanghai.com/venue/17088/gillian_at_alize_dagu_lu,2019-07-15,True,,False,"created_date: APPROXIMATE, upper bound — first Wayback Machine capture 2019-07-15; the page existed by then (14 monthly captures on record). modified_date: none — page declares no modified date; no extractable prose (JS-rendered, PDF or bot wall), so captures cannot be compared"
2026-09-11,ai_mode,local_services,"best hairdressers In Shanghai
Where are they all
What is the cost for an haircut at each place",4,https://www.smartshanghai.com/listings/beauty/hair_salon/,https://www.smartshanghai.com/listings/beauty/hair_salon/,2019-07-24,True,,False,"created_date: APPROXIMATE, upper bound — first Wayback Machine capture 2019-07-24; the page existed by then (35 monthly captures on record). modified_date: none — page declares no modified date; no extractable prose (JS-rendered, PDF or bot wall), so captures cannot be compared"
2026-09-11,ai_mode,local_services,"best hairdressers In Shanghai
Where are they all
What is the cost for an haircut at each place",5,https://www.google.com/searchviewer/10?svid=CAwSGxIZCgNwdnESEkNnc3ZaeTh4ZEdSc09IRm1jQRgK,https://www.google.com/searchviewer/10?svid=CAwSGxIZCgNwdnESEkNnc3ZaeTh4ZEdSc09IRm1jQRgK,,False,,False,"platform page (Google surface, video or social); never states page dates; not checked"
2026-09-11,ai_mode,local_services,"best hairdressers In Shanghai
Where are they all
What is the cost for an haircut at each place",6,https://www.google.com/searchviewer/10?svid=CAwSHBIaCgNwdnESE0Nnd3ZaeTh4TVROb2VURnNaM00YCg,https://www.google.com/searchviewer/10?svid=CAwSHBIaCgNwdnESE0Nnd3ZaeTh4TVROb2VURnNaM00YCg,,False,,False,"platform page (Google surface, video or social); never states page dates; not checked"
2026-09-11,ai_mode,local_services,"best hairdressers In Shanghai
Where are they all
What is the cost for an haircut at each place",7,https://www.google.com/searchviewer/10?svid=CAwSGxIZCgNwdnESEkNnc3ZaeTh4ZEdwdFltNTBhZxgK,https://www.google.com/searchviewer/10?svid=CAwSGxIZCgNwdnESEkNnc3ZaeTh4ZEdwdFltNTBhZxgK,,False,,False,"platform page (Google surface, video or social); never states page dates; not checked"
2026-09-11,ai_mode,local_services,"best hairdressers In Shanghai
Where are they all
What is the cost for an haircut at each place",8,https://www.google.com/searchviewer/10?svid=CAwSHRIbCgNwdnESFENnMHZaeTh4TVdab2VtbzVjMlp6GAo,https://www.google.com/searchviewer/10?svid=CAwSHRIbCgNwdnESFENnMHZaeTh4TVdab2VtbzVjMlp6GAo,,False,,False,"platform page (Google surface, video or social); never states page dates; not checked"
2026-09-11,ai_mode,local_services,"best hairdressers In Shanghai
Where are they all
What is the cost for an haircut at each place",9,https://www.google.com/searchviewer/10?svid=CAwSGxIZCgNwdnESEkNnc3ZaeTh4ZEdacVkyc3laQRgK,https://www.google.com/searchviewer/10?svid=CAwSGxIZCgNwdnESEkNnc3ZaeTh4ZEdacVkyc3laQRgK,,False,,False,"platform page (Google surface, video or social); never states page dates; not checked"
2026-09-11,ai_mode,local_services,"best hairdressers In Shanghai
Where are they all
What is the cost for an haircut at each place",10,https://www.google.com/searchviewer/10?svid=CAwSGxIZCgNwdnESEkNnc3ZaeTh4ZEdaa1ltZGpNZxgK,https://www.google.com/searchviewer/10?svid=CAwSGxIZCgNwdnESEkNnc3ZaeTh4ZEdaa1ltZGpNZxgK,,False,,False,"platform page (Google surface, video or social); never states page dates; not checked"
2026-09-11,ai_mode,local_services,"best hairdressers In Shanghai
Where are they all
What is the cost for an haircut at each place",11,https://www.google.com/searchviewer/10?svid=CAwSGxIZCgNwdnESEkNnc3ZaeTh4ZGpObmMzUjRjZxgK,https://www.google.com/searchviewer/10?svid=CAwSGxIZCgNwdnESEkNnc3ZaeTh4ZGpObmMzUjRjZxgK,,False,,False,"platform page (Google surface, video or social); never states page dates; not checked"
2026-09-11,ai_mode,local_services,"best hairdressers In Shanghai
Where are they all
What is the cost for an haircut at each place",12,https://www.google.com/searchviewer/10?svid=CAwSHRIbCgNwdnESFENnMHZaeTh4TVhFME5qSXlabXgwGAo,https://www.google.com/searchviewer/10?svid=CAwSHRIbCgNwdnESFENnMHZaeTh4TVhFME5qSXlabXgwGAo,,False,,False,"platform page (Google surface, video or social); never states page dates; not checked"
2026-09-11,ai_mode,local_services,"best hairdressers In Shanghai
Where are they all
What is the cost for an haircut at each place",13,https://www.google.com/searchviewer/10?svid=CAwSGxIZCgNwdnESEkNnc3ZaeTh4ZEdnMlluWnFNURgK,https://www.google.com/searchviewer/10?svid=CAwSGxIZCgNwdnESEkNnc3ZaeTh4ZEdnMlluWnFNURgK,,False,,False,"platform page (Google surface, video or social); never states page dates; not checked"
2026-09-11,ai_mode,local_services,"best hairdressers In Shanghai
Where are they all
What is the cost for an haircut at each place",14,https://www.google.com/searchviewer/10?svid=CAwSHRIbCgNwdnESFENnMHZaeTh4TVdJM00zTTNhelF6GAo,https://www.google.com/searchviewer/10?svid=CAwSHRIbCgNwdnESFENnMHZaeTh4TVdJM00zTTNhelF6GAo,,False,,False,"platform page (Google surface, video or social); never states page dates; not checked"
2026-09-11,ai_mode,local_services,"best hairdressers In Shanghai
Where are they all
What is the cost for an haircut at each place",15,https://www.google.com/searchviewer/10?svid=CAwSHBIaCgNwdnESE0Nnd3ZaeTh4TW5aMGJUTXpiR3MYCg,https://www.google.com/searchviewer/10?svid=CAwSHBIaCgNwdnESE0Nnd3ZaeTh4TW5aMGJUTXpiR3MYCg,,False,,False,"platform page (Google surface, video or social); never states page dates; not checked"
2026-09-11,ai_mode,local_services,"best hairdressers In Shanghai
Where are they all
What is the cost for an haircut at each place",16,https://www.google.com/searchviewer/10?svid=CAwSHRIbCgNwdnESFENnMHZaeTh4TVhOM2NqWTROVGc1GAo,https://www.google.com/searchviewer/10?svid=CAwSHRIbCgNwdnESFENnMHZaeTh4TVhOM2NqWTROVGc1GAo,,False,,False,"platform page (Google surface, video or social); never states page dates; not checked"
2026-09-11,ai_mode,local_services,"best hairdressers In Shanghai
Where are they all
What is the cost for an haircut at each place",17,https://www.google.com/searchviewer/10?svid=CAwSGxIZCgNwdnESEkNnc3ZaeTh4ZEdaNVltdGZOURgK,https://www.google.com/searchviewer/10?svid=CAwSGxIZCgNwdnESEkNnc3ZaeTh4ZEdaNVltdGZOURgK,,False,,False,"platform page (Google surface, video or social); never states page dates; not checked"
2026-09-11,ai_mode,local_services,"best hairdressers In Shanghai
Where are they all
What is the cost for an haircut at each place",18,https://www.google.com/searchviewer/10?svid=CAwSHRIbCgNwdnESFENnMHZaeTh4TVdKM2NIbG5kMnc0GAo,https://www.google.com/searchviewer/10?svid=CAwSHRIbCgNwdnESFENnMHZaeTh4TVdKM2NIbG5kMnc0GAo,,False,,False,"platform page (Google surface, video or social); never states page dates; not checked"
2026-09-11,ai_mode,local_services,"best hairdressers In Shanghai
Where are they all
What is the cost for an haircut at each place",19,https://www.google.com/searchviewer/10?svid=CAwSHRIbCgNwdnESFENnMHZaeTh4TVdZd1gyTjBhRGx6GAo,https://www.google.com/searchviewer/10?svid=CAwSHRIbCgNwdnESFENnMHZaeTh4TVdZd1gyTjBhRGx6GAo,,False,,False,"platform page (Google surface, video or social); never states page dates; not checked"
2026-09-11,ai_mode,local_services,"best hairdressers In Shanghai
Where are they all
What is the cost for an haircut at each place",20,https://www.google.com/searchviewer/10?svid=CAwSGxIZCgNwdnESEkNnc3ZaeTh4ZEhGd2VEZHFNdxgK,https://www.google.com/searchviewer/10?svid=CAwSGxIZCgNwdnESEkNnc3ZaeTh4ZEhGd2VEZHFNdxgK,,False,,False,"platform page (Google surface, video or social); never states page dates; not checked"
2026-09-11,ai_mode,local_services,"best hairdressers In Shanghai
Where are they all
What is the cost for an haircut at each place",21,https://www.google.com/searchviewer/10?svid=CAwSGBIWCgNwdnESD0Nna3ZiUzh3T0hSb1pIQRgK,https://www.google.com/searchviewer/10?svid=CAwSGBIWCgNwdnESD0Nna3ZiUzh3T0hSb1pIQRgK,,False,,False,"platform page (Google surface, video or social); never states page dates; not checked"
2026-09-11,ai_mode,local_services,"best hairdressers In Shanghai
Where are they all
What is the cost for an haircut at each place",22,https://www.google.com/searchviewer/10?svid=CAwSGBIWCgNwdnESD0Nna3ZiUzh3T0hadGFqURgK,https://www.google.com/searchviewer/10?svid=CAwSGBIWCgNwdnESD0Nna3ZiUzh3T0hadGFqURgK,,False,,False,"platform page (Google surface, video or social); never states page dates; not checked"
2026-09-11,ai_mode,local_services,"best hairdressers In Shanghai
Where are they all
What is the cost for an haircut at each place",23,https://www.google.com/searchviewer/10?svid=CAwSGxIZCgNwdnESEkNnc3ZaeTh4ZEhOc1ozSTROQRgK,https://www.google.com/searchviewer/10?svid=CAwSGxIZCgNwdnESEkNnc3ZaeTh4ZEhOc1ozSTROQRgK,,False,,False,"platform page (Google surface, video or social); never states page dates; not checked"
2026-09-11,ai_mode,local_services,"best hairdressers In Shanghai
Where are they all
What is the cost for an haircut at each place",24,https://www.google.com/searchviewer/10?svid=CAwSGxIZCgNwdnESEkNnc3ZaeTh4ZEdZeGJIWTBkZxgK,https://www.google.com/searchviewer/10?svid=CAwSGxIZCgNwdnESEkNnc3ZaeTh4ZEdZeGJIWTBkZxgK,,False,,False,"platform page (Google surface, video or social); never states page dates; not checked"
2026-09-11,ai_mode,shopping,"I want to buy a backpack for my toddler. Which brand do you recommend, regardless of price?",1,https://www.nytimes.com/wirecutter/reviews/best-school-backpacks-for-elementary-school-students/,https://www.nytimes.com/wirecutter/reviews/best-school-backpacks-for-elementary-school-students/,2016-08-30,False,2026-07-02,False,"created_date: declared by the page, JSON-LD datePublished, live fetch 2026-09-11. modified_date: declared by the page, JSON-LD dateModified, live fetch 2026-09-11"
2026-09-11,ai_mode,travel,"Найди мне информацию, сайт, ресурс, где описаны виа ферраты для новичков.",1,https://www.redbull.com/ru-ru/8-things-to-know-about-via-ferrata,https://www.redbull.com/ru-ru/8-things-to-know-about-via-ferrata,2024-04-30,True,,False,"created_date: APPROXIMATE, upper bound — first Wayback Machine capture 2024-04-30; the page existed by then (1 monthly captures on record). modified_date: none — page declares no modified date; no extractable prose (JS-rendered, PDF or bot wall), so captures cannot be compared"
2026-09-11,ai_mode,travel,"Найди мне информацию, сайт, ресурс, где описаны виа ферраты для новичков.",2,https://sport-marafon.ru/article/chto-takoe-via-ferrata/,https://sport-marafon.ru/article/chto-takoe-via-ferrata/,2022-07-05,True,,False,"created_date: APPROXIMATE, upper bound — first Wayback Machine capture 2022-07-05; the page existed by then (6 monthly captures on record). modified_date: none — page declares no modified date; no extractable prose (JS-rendered, PDF or bot wall), so captures cannot be compared"
2026-09-11,ai_mode,travel,"Найди мне информацию, сайт, ресурс, где описаны виа ферраты для новичков.",3,https://play.google.com/store/apps/details?id=cz.alpskyvudce.alpskyvudce,https://play.google.com/store/apps/details?id=cz.alpskyvudce.alpskyvudce,,False,,False,"platform page (Google surface, video or social); never states page dates; not checked"
2026-09-11,ai_mode,travel,"Найди мне информацию, сайт, ресурс, где описаны виа ферраты для новичков.",4,https://ferrataguide.com/ferratas/map,https://ferrataguide.com/ferratas/map,2023-02-05,True,,False,"created_date: APPROXIMATE, upper bound — first Wayback Machine capture 2023-02-05; the page existed by then (15 monthly captures on record). modified_date: none — page declares no modified date; no extractable prose (JS-rendered, PDF or bot wall), so captures cannot be compared"
2026-09-11,ai_mode,saas,whats the best hosted vm service for running automated test suites? i need to spin up browsers and run selenium tests without managing the infra myself,1,https://www.testriq.com/blog/post/top-10-automation-testing-services,https://www.testriq.com/blog/post/top-10-automation-testing-services,2026-06-25,False,2026-09-01,False,"created_date: declared by the page, Open Graph article:published_time, live fetch 2026-09-11. modified_date: declared by the page, Open Graph article:modified_time, live fetch 2026-09-11"
2026-09-11,ai_mode,saas,what is the best free ai music generator right now?,1,https://www.youtube.com/watch?v=C2bICETkJfM&t=237,https://www.youtube.com/watch?v=C2bICETkJfM&t=237,,False,,False,"platform page (Google surface, video or social); never states page dates; not checked"
2026-09-11,ai_mode,saas,what is the best free ai music generator right now?,2,https://www.youtube.com/watch?v=wEU5yR9koeg,https://www.youtube.com/watch?v=wEU5yR9koeg,,False,,False,"platform page (Google surface, video or social); never states page dates; not checked"
2026-09-11,ai_mode,local_services,amazon content optimization agency,1,https://olifantdigital.com/blog/best-amazon-a-content-agencies-in-2026,https://olifantdigital.com/blog/best-amazon-a-content-agencies-in-2026,2026-06-04,False,2026-08-27,False,"created_date: declared by the page, JSON-LD datePublished, live fetch 2026-09-11. modified_date: declared by the page, JSON-LD dateModified, live fetch 2026-09-11"
2026-09-11,ai_mode,local_services,amazon content optimization agency,2,https://olifantdigital.com/blog/best-amazon-agency-for-listing-optimization,https://olifantdigital.com/blog/best-amazon-agency-for-listing-optimization,2026-05-20,False,2026-08-19,False,"created_date: declared by the page, JSON-LD datePublished, live fetch 2026-09-11. modified_date: declared by the page, JSON-LD dateModified, live fetch 2026-09-11"
2026-09-11,ai_mode,local_services,amazon content optimization agency,3,https://xneeti.com/blog/amazon-listing-optimization-agencies,https://xneeti.com/blog/amazon-listing-optimization-agencies,2026-05-15,False,,False,"created_date: declared by the page, JSON-LD datePublished, live fetch 2026-09-11. modified_date: none — page declares no modified date; never archived by the Wayback Machine"
2026-09-11,ai_mode,local_services,amazon content optimization agency,4,https://i2oretail.com/best-amazon-a-plus-content-agencies/,https://i2oretail.com/best-amazon-a-plus-content-agencies/,,False,,False,created_date: none — never archived by the Wayback Machine. modified_date: none — page declares no modified date; never archived by the Wayback Machine
2026-09-11,ai_mode,local_services,what are my options for booking home cleaning services in bengaluru for tomorrow?,1,https://www.google.com/searchviewer/10?svid=CAwSHRIbCgNwdnESFENnMHZaeTh4TVdNeGQzaDRlR1F3GAo,https://www.google.com/searchviewer/10?svid=CAwSHRIbCgNwdnESFENnMHZaeTh4TVdNeGQzaDRlR1F3GAo,,False,,False,"platform page (Google surface, video or social); never states page dates; not checked"
2026-09-11,ai_mode,local_services,what are my options for booking home cleaning services in bengaluru for tomorrow?,2,https://www.google.com/searchviewer/10?svid=CAwSHRIbCgNwdnESFENnMHZaeTh4TVcxNk1HTjBjbTVyGAo,https://www.google.com/searchviewer/10?svid=CAwSHRIbCgNwdnESFENnMHZaeTh4TVcxNk1HTjBjbTVyGAo,,False,,False,"platform page (Google surface, video or social); never states page dates; not checked"
2026-09-11,ai_mode,local_services,what are my options for booking home cleaning services in bengaluru for tomorrow?,3,https://www.google.com/searchviewer/10?svid=CAwSHRIbCgNwdnESFENnMHZaeTh4TVdZeE1qY3lNR040GAo,https://www.google.com/searchviewer/10?svid=CAwSHRIbCgNwdnESFENnMHZaeTh4TVdZeE1qY3lNR040GAo,,False,,False,"platform page (Google surface, video or social); never states page dates; not checked"
2026-09-11,ai_mode,local_services,what are my options for booking home cleaning services in bengaluru for tomorrow?,4,https://www.google.com/searchviewer/10?svid=CAwSHRIbCgNwdnESFENnMHZaeTh4TVhKNlp6UXdkMjU1GAo,https://www.google.com/searchviewer/10?svid=CAwSHRIbCgNwdnESFENnMHZaeTh4TVhKNlp6UXdkMjU1GAo,,False,,False,"platform page (Google surface, video or social); never states page dates; not checked"
2026-09-11,ai_mode,local_services,what are my options for booking home cleaning services in bengaluru for tomorrow?,5,https://www.google.com/searchviewer/10?svid=CAwSHRIbCgNwdnESFENnMHZaeTh4TVhOZlpEWTFlVGQwGAo,https://www.google.com/searchviewer/10?svid=CAwSHRIbCgNwdnESFENnMHZaeTh4TVhOZlpEWTFlVGQwGAo,,False,,False,"platform page (Google surface, video or social); never states page dates; not checked"
2026-09-11,ai_mode,local_services,what are my options for booking home cleaning services in bengaluru for tomorrow?,6,https://www.google.com/searchviewer/10?svid=CAwSHRIbCgNwdnESFENnMHZaeTh4TVcxMmNUZHFlVGhuGAo,https://www.google.com/searchviewer/10?svid=CAwSHRIbCgNwdnESFENnMHZaeTh4TVcxMmNUZHFlVGhuGAo,,False,,False,"platform page (Google surface, video or social); never states page dates; not checked"
2026-09-11,ai_mode,local_services,what are my options for booking home cleaning services in bengaluru for tomorrow?,7,https://www.google.com/searchviewer/10?svid=CAwSHRIbCgNwdnESFENnMHZaeTh4TVhZNVl6QXlaalk1GAo,https://www.google.com/searchviewer/10?svid=CAwSHRIbCgNwdnESFENnMHZaeTh4TVhZNVl6QXlaalk1GAo,,False,,False,"platform page (Google surface, video or social); never states page dates; not checked"
2026-09-11,ai_mode,local_services,what are my options for booking home cleaning services in bengaluru for tomorrow?,8,https://www.google.com/searchviewer/10?svid=CAwSHRIbCgNwdnESFENnMHZaeTh4TVdaemJIRnNaRGw0GAo,https://www.google.com/searchviewer/10?svid=CAwSHRIbCgNwdnESFENnMHZaeTh4TVdaemJIRnNaRGw0GAo,,False,,False,"platform page (Google surface, video or social); never states page dates; not checked"
2026-09-11,ai_mode,local_services,what are my options for booking home cleaning services in bengaluru for tomorrow?,9,https://www.google.com/searchviewer/10?svid=CAwSHRIbCgNwdnESFENnMHZaeTh4TVhCa2VXUmpZakl5GAo,https://www.google.com/searchviewer/10?svid=CAwSHRIbCgNwdnESFENnMHZaeTh4TVhCa2VXUmpZakl5GAo,,False,,False,"platform page (Google surface, video or social); never states page dates; not checked"
2026-09-11,ai_mode,local_services,what are my options for booking home cleaning services in bengaluru for tomorrow?,10,https://www.google.com/searchviewer/10?svid=CAwSHRIbCgNwdnESFENnMHZaeTh4TVdSbU9ERTBlRGR1GAo,https://www.google.com/searchviewer/10?svid=CAwSHRIbCgNwdnESFENnMHZaeTh4TVdSbU9ERTBlRGR1GAo,,False,,False,"platform page (Google surface, video or social); never states page dates; not checked"
2026-09-11,ai_mode,local_services,what are my options for booking home cleaning services in bengaluru for tomorrow?,11,https://www.google.com/searchviewer/10?svid=CAwSHRIbCgNwdnESFENnMHZaeTh4TVhRelptaHdPRGM0GAo,https://www.google.com/searchviewer/10?svid=CAwSHRIbCgNwdnESFENnMHZaeTh4TVhRelptaHdPRGM0GAo,,False,,False,"platform page (Google surface, video or social); never states page dates; not checked"
2026-09-11,ai_mode,local_services,what are my options for booking home cleaning services in bengaluru for tomorrow?,12,https://www.google.com/searchviewer/10?svid=CAwSHRIbCgNwdnESFENnMHZaeTh4TVd4eVgxOXFibmsyGAo,https://www.google.com/searchviewer/10?svid=CAwSHRIbCgNwdnESFENnMHZaeTh4TVd4eVgxOXFibmsyGAo,,False,,False,"platform page (Google surface, video or social); never states page dates; not checked"
2026-09-11,ai_mode,local_services,what are my options for booking home cleaning services in bengaluru for tomorrow?,13,https://www.google.com/searchviewer/10?svid=CAwSHRIbCgNwdnESFENnMHZaeTh4TVc1ZmFEaHVOSEUxGAo,https://www.google.com/searchviewer/10?svid=CAwSHRIbCgNwdnESFENnMHZaeTh4TVc1ZmFEaHVOSEUxGAo,,False,,False,"platform page (Google surface, video or social); never states page dates; not checked"
2026-09-11,ai_mode,local_services,what are my options for booking home cleaning services in bengaluru for tomorrow?,14,https://www.google.com/searchviewer/10?svid=CAwSHRIbCgNwdnESFENnMHZaeTh4TVdvMGJucGpOVEZpGAo,https://www.google.com/searchviewer/10?svid=CAwSHRIbCgNwdnESFENnMHZaeTh4TVdvMGJucGpOVEZpGAo,,False,,False,"platform page (Google surface, video or social); never states page dates; not checked"
2026-09-11,ai_mode,local_services,what are my options for booking home cleaning services in bengaluru for tomorrow?,15,https://www.google.com/searchviewer/10?svid=CAwSHRIbCgNwdnESFENnMHZaeTh4TVdkMGNucHhiV1k1GAo,https://www.google.com/searchviewer/10?svid=CAwSHRIbCgNwdnESFENnMHZaeTh4TVdkMGNucHhiV1k1GAo,,False,,False,"platform page (Google surface, video or social); never states page dates; not checked"
2026-09-11,ai_mode,local_services,what are my options for booking home cleaning services in bengaluru for tomorrow?,16,https://www.google.com/searchviewer/10?svid=CAwSHRIbCgNwdnESFENnMHZaeTh4TVdkMk1IZGlOVEpyGAo,https://www.google.com/searchviewer/10?svid=CAwSHRIbCgNwdnESFENnMHZaeTh4TVdkMk1IZGlOVEpyGAo,,False,,False,"platform page (Google surface, video or social); never states page dates; not checked"
2026-09-11,ai_mode,local_services,what are my options for booking home cleaning services in bengaluru for tomorrow?,17,https://www.google.com/searchviewer/10?svid=CAwSHRIbCgNwdnESFENnMHZaeTh4TVhSbWJuWnhNSE56GAo,https://www.google.com/searchviewer/10?svid=CAwSHRIbCgNwdnESFENnMHZaeTh4TVhSbWJuWnhNSE56GAo,,False,,False,"platform page (Google surface, video or social); never states page dates; not checked"
2026-09-11,ai_mode,local_services,what are my options for booking home cleaning services in bengaluru for tomorrow?,18,https://www.google.com/searchviewer/10?svid=CAwSHRIbCgNwdnESFENnMHZaeTh4TVdnMU5uWTFiREZtGAo,https://www.google.com/searchviewer/10?svid=CAwSHRIbCgNwdnESFENnMHZaeTh4TVdnMU5uWTFiREZtGAo,,False,,False,"platform page (Google surface, video or social); never states page dates; not checked"
2026-09-11,ai_mode,local_services,what are my options for booking home cleaning services in bengaluru for tomorrow?,19,https://www.google.com/searchviewer/10?svid=CAwSHRIbCgNwdnESFENnMHZaeTh4TVdZeE1qSm5kbVI2GAo,https://www.google.com/searchviewer/10?svid=CAwSHRIbCgNwdnESFENnMHZaeTh4TVdZeE1qSm5kbVI2GAo,,False,,False,"platform page (Google surface, video or social); never states page dates; not checked"
2026-09-11,ai_mode,local_services,what are my options for booking home cleaning services in bengaluru for tomorrow?,20,https://www.google.com/searchviewer/10?svid=CAwSHRIbCgNwdnESFENnMHZaeTh4TVhKNU1sODVaM3BqGAo,https://www.google.com/searchviewer/10?svid=CAwSHRIbCgNwdnESFENnMHZaeTh4TVhKNU1sODVaM3BqGAo,,False,,False,"platform page (Google surface, video or social); never states page dates; not checked"
2026-09-11,ai_mode,finance,"which ETFs provide the best exposure to companies that provide infrastructure for data centers,",1,https://www.blackrock.com/us/individual/products/239770/ishares-north-american-techmultimedia-networking-etf,https://www.blackrock.com/us/individual/products/239770/ishares-north-american-techmultimedia-networking-etf,,False,,False,created_date: none — page declares no publish date. modified_date: none — page declares no modified date; Wayback fetch error
2026-09-11,ai_mode,finance,"which ETFs provide the best exposure to companies that provide infrastructure for data centers,",2,https://www.globalxetfs.com/funds/dtcr,https://www.globalxetfs.com/funds/dtcr,2024-04-15,True,2025-12-26,True,"created_date: APPROXIMATE, upper bound — first Wayback Machine capture 2024-04-15; the page existed by then (16 monthly captures on record). modified_date: APPROXIMATE — article prose changed between the Wayback Machine capture of 2025-11-11 and the Wayback capture of 2026-02-08; midpoint reported, window 88 days, 4 captures compared"
2026-09-11,ai_mode,finance,"which ETFs provide the best exposure to companies that provide infrastructure for data centers,",3,https://etfdb.com/etf/SRVR/,https://etfdb.com/etf/SRVR/,2019-07-23,True,,False,"created_date: APPROXIMATE, upper bound — first Wayback Machine capture 2019-07-23; the page existed by then (25 monthly captures on record). modified_date: none — page declares no modified date; no extractable prose (JS-rendered, PDF or bot wall), so captures cannot be compared"
2026-09-11,ai_mode,finance,"which ETFs provide the best exposure to companies that provide infrastructure for data centers,",4,https://www.morningstar.com/etfs/arcx/srvr/quote,https://www.morningstar.com/etfs/arcx/srvr/quote,2026-07-31,False,2026-07-31,False,"created_date: declared by the page, <meta> datepublished, live fetch 2026-09-11. modified_date: declared by the page, <meta> datemodified, live fetch 2026-09-11"
2026-09-11,ai_mode,finance,"which ETFs provide the best exposure to companies that provide infrastructure for data centers,",5,https://www.morningstar.com/etfs/xnas/dtcr/quote,https://www.morningstar.com/etfs/xnas/dtcr/quote,,False,,False,created_date: none — never archived by the Wayback Machine. modified_date: none — page declares no modified date; never archived by the Wayback Machine
2026-09-11,ai_mode,saas,compare the price of using chatgpt between web interface and api,1,https://developers.openai.com/api/docs/pricing,https://developers.openai.com/api/docs/pricing,2026-02-10,True,2026-09-11,True,"created_date: APPROXIMATE, upper bound — first Wayback Machine capture 2026-02-10; the page existed by then (8 monthly captures on record). modified_date: APPROXIMATE — rotating listing (directory, route or deals page); entries differ under every Wayback capture, so treated as updated at the run date"
2026-09-11,ai_mode,saas,compare the price of using chatgpt between web interface and api,2,https://openrouter.ai/openai/gpt-4o-mini,https://openrouter.ai/openai/gpt-4o-mini,2024-12-01,True,2026-08-09,True,"created_date: APPROXIMATE, upper bound — first Wayback Machine capture 2024-12-01; the page existed by then (18 monthly captures on record). modified_date: APPROXIMATE — article prose changed between the Wayback Machine capture of 2026-07-07 and the live page; midpoint reported, window 65 days, 1 captures compared"
2026-09-11,ai_mode,saas,compare the price of using chatgpt between web interface and api,3,https://pricepertoken.com/pricing-page/model/openai-gpt-4o,https://pricepertoken.com/pricing-page/model/openai-gpt-4o,2025-09-07,True,,False,"created_date: APPROXIMATE, upper bound — first Wayback Machine capture 2025-09-07; the page existed by then (3 monthly captures on record). modified_date: none — only an HTTP Last-Modified header (deploy time, not an edit); no extractable prose (JS-rendered, PDF or bot wall), so captures cannot be compared"
2026-09-11,ai_mode,saas,compare the price of using chatgpt between web interface and api,4,https://www.youtube.com/watch?v=Pt4dWiXSD9g,https://www.youtube.com/watch?v=Pt4dWiXSD9g,,False,,False,"platform page (Google surface, video or social); never states page dates; not checked"
2026-09-11,ai_mode,saas,compare the price of using chatgpt between web interface and api,5,https://www.aifreeapi.com/en/posts/gpt-4o-pricing-per-million-tokens,https://www.aifreeapi.com/en/posts/gpt-4o-pricing-per-million-tokens,2026-01-16,False,2026-01-16,False,"created_date: declared by the page, Open Graph article:published_time, live fetch 2026-09-11. modified_date: declared by the page, Open Graph article:modified_time, live fetch 2026-09-11"
2026-09-11,ai_mode,saas,compare the price of using chatgpt between web interface and api,6,https://www.eesel.ai/blog/chatgpt-pricing,https://www.eesel.ai/blog/chatgpt-pricing,2025-09-25,False,2026-09-09,False,"created_date: declared by the page, Open Graph article:published_time, live fetch 2026-09-11. modified_date: declared by the page, Open Graph article:modified_time, live fetch 2026-09-11"
2026-09-11,ai_mode,travel,"cheapest time to buy a return ticket from europe to Beijing
how much is the ticket from brussels to beijing",1,https://www.skyscanner.com/routes/brus/bjsa/brussels-to-beijing.html,https://www.skyscanner.com/routes/brus/bjsa/brussels-to-beijing.html,,False,,False,"created_date: none — never archived by the Wayback Machine. modified_date: none — only an HTTP Last-Modified header (deploy time, not an edit); never archived by the Wayback Machine"
2026-09-11,ai_mode,travel,"cheapest time to buy a return ticket from europe to Beijing
how much is the ticket from brussels to beijing",2,https://www.trip.com/hot/flight-time-from-brussels-to-beijing/,https://www.trip.com/hot/flight-time-from-brussels-to-beijing/,,False,,False,created_date: none — never archived by the Wayback Machine. modified_date: none — page declares no modified date; never archived by the Wayback Machine
2026-09-11,ai_mode,travel,"cheapest time to buy a return ticket from europe to Beijing
how much is the ticket from brussels to beijing",3,https://www.expedia.com/lp/flights/bru/pek/brussels-to-beijing,https://www.expedia.com/lp/flights/bru/pek/brussels-to-beijing,2019-12-07,True,,False,"created_date: APPROXIMATE, upper bound — first Wayback Machine capture 2019-12-07; the page existed by then (1 monthly captures on record). modified_date: none — page declares no modified date; live fetch refused and no recent Wayback capture to stand in"
2026-09-11,ai_mode,saas,what law enforcement mental wellness apps are out there,1,https://cordico.com/wellness-app/,https://cordico.com/wellness-app/,2023-11-20,False,2025-05-01,False,"created_date: declared by the page, JSON-LD datePublished, live fetch 2026-09-11. modified_date: declared by the page, Open Graph article:modified_time, live fetch 2026-09-11"
2026-09-11,ai_mode,saas,what law enforcement mental wellness apps are out there,2,https://www.powerdms.com/policy-learning-center/support-officer-wellness-law-enforcement,https://www.powerdms.com/policy-learning-center/support-officer-wellness-law-enforcement,2026-05-19,False,2026-05-19,False,"created_date: declared by the page, JSON-LD datePublished, live fetch 2026-09-11. modified_date: declared by the page, JSON-LD dateModified, live fetch 2026-09-11"
2026-09-11,ai_mode,saas,what law enforcement mental wellness apps are out there,3,https://www.powerdms.com/power-line,https://www.powerdms.com/power-line,2022-06-01,True,2026-07-22,True,"created_date: APPROXIMATE, upper bound — first Wayback Machine capture 2022-06-01; the page existed by then (27 monthly captures on record). modified_date: APPROXIMATE — article prose changed between the Wayback Machine capture of 2026-06-23 and the Wayback capture of 2026-08-20; midpoint reported, window 57 days, 5 captures compared"
2026-09-11,ai_mode,saas,what law enforcement mental wellness apps are out there,4,https://stackbench.com/law-enforcement-mental-health,https://stackbench.com/law-enforcement-mental-health,2024-11-13,True,2024-11-13,True,"created_date: APPROXIMATE, upper bound — first Wayback Machine capture 2024-11-13; the page existed by then (3 monthly captures on record). modified_date: APPROXIMATE, upper bound — article prose identical to the first Wayback Machine capture 2024-11-13; the last edit predates the archive"
2026-09-11,ai_mode,saas,what law enforcement mental wellness apps are out there,5,https://safecallnow.us/about,https://safecallnow.us/about,2026-01-04,True,2026-01-04,True,"created_date: APPROXIMATE, upper bound — first Wayback Machine capture 2026-01-04; the page existed by then (2 monthly captures on record). modified_date: APPROXIMATE, upper bound — article prose identical to the first Wayback Machine capture 2026-01-04; the last edit predates the archive"
2026-09-11,ai_mode,saas,what law enforcement mental wellness apps are out there,6,https://www.shieldtraining.org/nationallawenforcement,https://www.shieldtraining.org/nationallawenforcement,2023-12-05,True,2024-02-28,True,"created_date: APPROXIMATE, upper bound — first Wayback Machine capture 2023-12-05; the page existed by then (11 monthly captures on record). modified_date: APPROXIMATE — article prose changed between the Wayback Machine capture of 2023-12-05 and the Wayback capture of 2024-05-23; midpoint reported, window 170 days, 4 captures compared"
2026-09-11,ai_mode,saas,what law enforcement mental wellness apps are out there,7,https://firstrespondercenter.org/document/safe-call-now/,https://firstrespondercenter.org/document/safe-call-now/,2023-11-16,False,2025-05-01,False,"created_date: declared by the page, JSON-LD datePublished, live fetch 2026-09-11. modified_date: declared by the page, Open Graph article:modified_time, live fetch 2026-09-11"
2026-09-11,ai_mode,shopping,how do berkemann and birkenstock compare for comfort shoes? which brand should i go for?,1,https://www.reddit.com/r/singapore/comments/2iljyq/birkenstock_vs_neckermann_vs_bhpc/,https://www.reddit.com/r/singapore/comments/2iljyq/birkenstock_vs_neckermann_vs_bhpc/,,False,,False,"platform page (Google surface, video or social); never states page dates; not checked"
2026-09-11,ai_mode,shopping,how do berkemann and birkenstock compare for comfort shoes? which brand should i go for?,2,https://www.everydayhealth.com/fitness-products/birkenstock-sandals/,https://www.everydayhealth.com/fitness-products/birkenstock-sandals/,2025-08-18,False,2026-05-26,False,"created_date: declared by the page, JSON-LD datePublished, live fetch 2026-09-11. modified_date: declared by the page, JSON-LD dateModified, live fetch 2026-09-11"
2026-09-11,ai_mode,shopping,how do berkemann and birkenstock compare for comfort shoes? which brand should i go for?,3,https://heinrichberkemann.com/en,https://heinrichberkemann.com/en,2025-03-28,True,2026-09-11,True,"created_date: APPROXIMATE, upper bound — first Wayback Machine capture 2025-03-28; the page existed by then (6 monthly captures on record). modified_date: APPROXIMATE — rotating listing (directory, route or deals page); entries differ under every Wayback capture, so treated as updated at the run date"
2026-09-11,ai_mode,shopping,how do berkemann and birkenstock compare for comfort shoes? which brand should i go for?,4,https://eneslow.com/berkemann,https://eneslow.com/berkemann,2020-08-06,True,,False,"created_date: APPROXIMATE, upper bound — first Wayback Machine capture 2020-08-06; the page existed by then (15 monthly captures on record). modified_date: none — page declares no modified date; live fetch refused and no recent Wayback capture to stand in"
2026-09-11,ai_mode,shopping,how do berkemann and birkenstock compare for comfort shoes? which brand should i go for?,5,https://www.instagram.com/p/DN47dMmkpVA/,https://www.instagram.com/p/DN47dMmkpVA/,,False,,False,"platform page (Google surface, video or social); never states page dates; not checked"
2026-09-11,ai_mode,shopping,how do berkemann and birkenstock compare for comfort shoes? which brand should i go for?,6,https://stylino.cy/en/blog/shoes-like-birkenstocks-alternatives,https://stylino.cy/en/blog/shoes-like-birkenstocks-alternatives,,False,,False,created_date: none — never archived by the Wayback Machine. modified_date: none — page declares no modified date; never archived by the Wayback Machine
2026-09-11,ai_mode,shopping,how do berkemann and birkenstock compare for comfort shoes? which brand should i go for?,7,"https://www.google.com/search?q=product&prds=pvt:hg,productid:4950520734782394414,catalogid:15500600399882925118,gpcid:10999009909860115572,mid:576462551051326688&ibp=oshop","https://www.google.com/search?q=product&prds=pvt:hg,productid:4950520734782394414,catalogid:15500600399882925118,gpcid:10999009909860115572,mid:576462551051326688&ibp=oshop",,False,,False,"platform page (Google surface, video or social); never states page dates; not checked"
2026-09-11,ai_mode,shopping,how do berkemann and birkenstock compare for comfort shoes? which brand should i go for?,8,"https://www.google.com/search?q=product&prds=pvt:hg,productid:13221266711559938773,catalogid:191293728133114577,gpcid:16814633497898828099,mid:576462551051326688&ibp=oshop","https://www.google.com/search?q=product&prds=pvt:hg,productid:13221266711559938773,catalogid:191293728133114577,gpcid:16814633497898828099,mid:576462551051326688&ibp=oshop",,False,,False,"platform page (Google surface, video or social); never states page dates; not checked"
2026-09-11,ai_mode,local_services,What's a good budget multi-coocker*,1,https://www.nytimes.com/wirecutter/reviews/best-electric-pressure-cooker/,https://www.nytimes.com/wirecutter/reviews/best-electric-pressure-cooker/,2018-05-22,False,2026-02-24,False,"created_date: declared by the page, JSON-LD datePublished, live fetch 2026-09-11. modified_date: declared by the page, JSON-LD dateModified, live fetch 2026-09-11"
2026-09-11,ai_mode,local_services,What's a good budget multi-coocker*,2,"https://www.google.com/search?q=product&prds=pvt:hg,productid:15171505080529279489,catalogid:14031410352192891418,gpcid:9821409858923781162,mid:576462536910460198&ibp=oshop","https://www.google.com/search?q=product&prds=pvt:hg,productid:15171505080529279489,catalogid:14031410352192891418,gpcid:9821409858923781162,mid:576462536910460198&ibp=oshop",,False,,False,"platform page (Google surface, video or social); never states page dates; not checked"
2026-09-11,ai_mode,local_services,What's a good budget multi-coocker*,3,"https://www.google.com/search?q=product&prds=pvt:hg,productid:8810617017283864828,catalogid:949533237012986454,gpcid:5443555885540031536,mid:576462484265786983&ibp=oshop","https://www.google.com/search?q=product&prds=pvt:hg,productid:8810617017283864828,catalogid:949533237012986454,gpcid:5443555885540031536,mid:576462484265786983&ibp=oshop",,False,,False,"platform page (Google surface, video or social); never states page dates; not checked"
2026-09-11,ai_mode,local_services,What's a good budget multi-coocker*,4,"https://www.google.com/search?q=product&prds=pvt:hg,productid:5675036913717717090,catalogid:10899610331055155845,gpcid:8719138027878942213,mid:576462803465012506&ibp=oshop","https://www.google.com/search?q=product&prds=pvt:hg,productid:5675036913717717090,catalogid:10899610331055155845,gpcid:8719138027878942213,mid:576462803465012506&ibp=oshop",,False,,False,"platform page (Google surface, video or social); never states page dates; not checked"
2026-09-11,ai_mode,finance,give me telegram channels with crypto market analysis,1,https://altfins.com/knowledge-base/10-best-crypto-telegram-signals-groups-in-2026-ranked-and-compared/,https://altfins.com/knowledge-base/10-best-crypto-telegram-signals-groups-in-2026-ranked-and-compared/,2026-06-11,False,2026-09-07,False,"created_date: declared by the page, JSON-LD datePublished, live fetch 2026-09-11. modified_date: declared by the page, Open Graph article:modified_time, live fetch 2026-09-11"
2026-09-11,ai_mode,finance,give me telegram channels with crypto market analysis,2,https://www.fatpigsignals.com/blog/what-are-crypto-signals/,https://www.fatpigsignals.com/blog/what-are-crypto-signals/,2021-11-09,False,2022-02-01,False,"created_date: declared by the page, Open Graph article:published_time, live fetch 2026-09-11. modified_date: declared by the page, Open Graph article:modified_time, live fetch 2026-09-11"
2026-09-11,ai_mode,finance,give me telegram channels with crypto market analysis,3,https://altfins.com/best/crypto-trading-and-investing/best-crypto-signals/,https://altfins.com/best/crypto-trading-and-investing/best-crypto-signals/,2026-05-21,False,2026-09-02,False,"created_date: declared by the page, JSON-LD datePublished, live fetch 2026-09-11. modified_date: declared by the page, Open Graph article:modified_time, live fetch 2026-09-11"
2026-09-11,ai_mode,finance,give me telegram channels with crypto market analysis,4,https://coinlaunch.space/influencers/telegram/,https://coinlaunch.space/influencers/telegram/,2023-10-04,True,2023-10-04,True,"created_date: APPROXIMATE, upper bound — first Wayback Machine capture 2023-10-04; the page existed by then (10 monthly captures on record). modified_date: APPROXIMATE, upper bound — article prose identical to the first Wayback Machine capture 2023-10-04; the last edit predates the archive"
2026-09-11,ai_mode,saas,"whats the best way to get data into power bi from google analytics, campaign manager 360 and hubspot? looking for a connector or etl tool that handles all three",1,https://windsor.ai/connect/hubspot-power-bi-integration/,https://windsor.ai/connect/hubspot-power-bi-integration/,2020-09-01,False,2026-08-12,False,"created_date: declared by the page, JSON-LD datePublished, live fetch 2026-09-11. modified_date: declared by the page, Open Graph article:modified_time, live fetch 2026-09-11"
2026-09-11,ai_mode,saas,"whats the best way to get data into power bi from google analytics, campaign manager 360 and hubspot? looking for a connector or etl tool that handles all three",2,https://windsor.ai/connect/campaign-manager360-power-bi-integration/,https://windsor.ai/connect/campaign-manager360-power-bi-integration/,2023-09-25,False,2026-08-12,False,"created_date: declared by the page, JSON-LD datePublished, live fetch 2026-09-11. modified_date: declared by the page, Open Graph article:modified_time, live fetch 2026-09-11"
2026-09-11,ai_mode,saas,"whats the best way to get data into power bi from google analytics, campaign manager 360 and hubspot? looking for a connector or etl tool that handles all three",3,https://supermetrics.com/connect/campaign-manager-360-to-power-bi,https://supermetrics.com/connect/campaign-manager-360-to-power-bi,2026-06-06,True,2026-06-06,True,"created_date: APPROXIMATE, upper bound — first Wayback Machine capture 2026-06-06; the page existed by then (1 monthly captures on record). modified_date: APPROXIMATE, upper bound — article prose identical to the first Wayback Machine capture 2026-06-06; the last edit predates the archive"
2026-09-11,ai_mode,saas,"whats the best way to get data into power bi from google analytics, campaign manager 360 and hubspot? looking for a connector or etl tool that handles all three",4,https://supermetrics.com/connect/hubspot-to-power-bi,https://supermetrics.com/connect/hubspot-to-power-bi,2026-06-13,True,2026-06-13,True,"created_date: APPROXIMATE, upper bound — first Wayback Machine capture 2026-06-13; the page existed by then (1 monthly captures on record). modified_date: APPROXIMATE, upper bound — article prose identical to the first Wayback Machine capture 2026-06-13; the last edit predates the archive"
2026-09-11,ai_mode,saas,"whats the best way to get data into power bi from google analytics, campaign manager 360 and hubspot? looking for a connector or etl tool that handles all three",5,https://www.cdata.com/drivers/doubleclick/powerbi/,https://www.cdata.com/drivers/doubleclick/powerbi/,2019-07-22,True,2026-03-15,True,"created_date: APPROXIMATE, upper bound — first Wayback Machine capture 2019-07-22; the page existed by then (13 monthly captures on record). modified_date: APPROXIMATE — article prose changed between the Wayback Machine capture of 2025-09-16 and the live page; midpoint reported, window 359 days, 4 captures compared"
2026-09-11,ai_mode,travel,Best car rental in the 90230  zip code,1,https://www.expedia.com/carsearch?piid=AQh3XDzUb4Yaw4cMGaeYnjj7avjCnI7in9MF41jMKsvomq6FdFsVBe_luHleR88fi5BEo4h2eJUEqj6Q-eilcoaDh7jrlLvl_2eZREuzlfCvo&totalprice=283.69&currency=USD&date1=2026-09-15&date2=2026-09-22&time1=1200&time2=1200&styp=2&olat=34.005&olon=-118.41&partnername=Google&mpg=246.99&mpe=1789046434&langid=1033&mdpcid=US.META.GOOGLE.CAR.CORESEARCH.MVP&,https://www.expedia.com/carsearch?piid=AQh3XDzUb4Yaw4cMGaeYnjj7avjCnI7in9MF41jMKsvomq6FdFsVBe_luHleR88fi5BEo4h2eJUEqj6Q-eilcoaDh7jrlLvl_2eZREuzlfCvo&totalprice=283.69&currency=USD&date1=2026-09-15&date2=2026-09-22&time1=1200&time2=1200&styp=2&olat=34.005&olon=-118.41&partnername=Google&mpg=246.99&mpe=1789046434&langid=1033&mdpcid=US.META.GOOGLE.CAR.CORESEARCH.MVP&,,False,,False,created_date: none — never archived by the Wayback Machine. modified_date: none — page declares no modified date; never archived by the Wayback Machine
2026-09-11,ai_mode,travel,Best car rental in the 90230  zip code,2,https://www.expedia.com/carsearch?piid=AQh3XDzUb4Yaw4cMGaeYnjj7avjCnI7in9MF41jMKsvolwB-HDstMgNjZpMUYhKQeGdJ6QU3FeC1f-GMNU-VaQnQrgd-pUOCDOoshzRMiPDMU&totalprice=275.97&currency=USD&date1=2026-09-17&date2=2026-09-20&time1=1200&time2=1200&styp=2&olat=34.005&olon=-118.41&partnername=Google&mpg=242.22&mpe=1789039702&langid=1033&mdpcid=US.META.GOOGLE.CAR.CORESEARCH.MVP&,https://www.expedia.com/carsearch?piid=AQh3XDzUb4Yaw4cMGaeYnjj7avjCnI7in9MF41jMKsvolwB-HDstMgNjZpMUYhKQeGdJ6QU3FeC1f-GMNU-VaQnQrgd-pUOCDOoshzRMiPDMU&totalprice=275.97&currency=USD&date1=2026-09-17&date2=2026-09-20&time1=1200&time2=1200&styp=2&olat=34.005&olon=-118.41&partnername=Google&mpg=242.22&mpe=1789039702&langid=1033&mdpcid=US.META.GOOGLE.CAR.CORESEARCH.MVP&,,False,,False,created_date: none — never archived by the Wayback Machine. modified_date: none — page declares no modified date; never archived by the Wayback Machine
2026-09-11,ai_mode,travel,Best car rental in the 90230  zip code,3,https://www.expedia.com/carsearch?piid=AQh3XDzUb4Yaw4cMGaeYnjj7avjCnI7in9MF41jMKsvon_TIhe3wP15rt4Ent3CJQ0weBxvOCUB2TQHZyDxsEPFU2jtusXfCv9mvXc1_Hp7as&totalprice=44.88&currency=USD&date1=2026-09-14&date2=2026-09-15&time1=1200&time2=1200&styp=2&olat=34.005&olon=-118.41&partnername=Google&mpg=37.99&mpe=1789075337&langid=1033&mdpcid=US.META.GOOGLE.CAR.CORESEARCH.MVP&,https://www.expedia.com/carsearch?piid=AQh3XDzUb4Yaw4cMGaeYnjj7avjCnI7in9MF41jMKsvon_TIhe3wP15rt4Ent3CJQ0weBxvOCUB2TQHZyDxsEPFU2jtusXfCv9mvXc1_Hp7as&totalprice=44.88&currency=USD&date1=2026-09-14&date2=2026-09-15&time1=1200&time2=1200&styp=2&olat=34.005&olon=-118.41&partnername=Google&mpg=37.99&mpe=1789075337&langid=1033&mdpcid=US.META.GOOGLE.CAR.CORESEARCH.MVP&,,False,,False,created_date: none — never archived by the Wayback Machine. modified_date: none — page declares no modified date; never archived by the Wayback Machine
2026-09-11,ai_mode,travel,Best car rental in the 90230  zip code,4,https://www.expedia.com/carsearch?piid=AQh3XDzUb4Yaw4cMGaeYnjj7avjCnI7in9MF41jMKsvolwB-HDstMgNjZpMUYhKQeGAY2QDy5YbSyfs3D4VKdeuQrgd-pUOCDOoshzRMiPDMU&totalprice=181.85&currency=USD&date1=2026-09-17&date2=2026-09-20&time1=1200&time2=1200&styp=2&olat=34.005&olon=-118.41&partnername=Google&mpg=156.72&mpe=1789039702&langid=1033&mdpcid=US.META.GOOGLE.CAR.CORESEARCH.MVP&,https://www.expedia.com/carsearch?piid=AQh3XDzUb4Yaw4cMGaeYnjj7avjCnI7in9MF41jMKsvolwB-HDstMgNjZpMUYhKQeGAY2QDy5YbSyfs3D4VKdeuQrgd-pUOCDOoshzRMiPDMU&totalprice=181.85&currency=USD&date1=2026-09-17&date2=2026-09-20&time1=1200&time2=1200&styp=2&olat=34.005&olon=-118.41&partnername=Google&mpg=156.72&mpe=1789039702&langid=1033&mdpcid=US.META.GOOGLE.CAR.CORESEARCH.MVP&,,False,,False,created_date: none — never archived by the Wayback Machine. modified_date: none — page declares no modified date; never archived by the Wayback Machine
2026-09-11,ai_mode,finance,"Can you suggest the most financially viable methods of commercial money transfers? My clients are in the United States, and I am located in the United Kingdom. Could you update or provide better solutions to save money?",1,https://www.worldfirst.com/uk/blog/international-transactions/international-money-transfer-fees-comparison/,https://www.worldfirst.com/uk/blog/international-transactions/international-money-transfer-fees-comparison/,2026-07-16,False,2026-08-26,False,"created_date: declared by the page, Open Graph article:published_time, live fetch 2026-09-11. modified_date: declared by the page, Open Graph article:modified_time, live fetch 2026-09-11"
2026-09-11,ai_mode,finance,"Can you suggest the most financially viable methods of commercial money transfers? My clients are in the United States, and I am located in the United Kingdom. Could you update or provide better solutions to save money?",2,https://lendedu.com/blog/send-money-internationally/,https://lendedu.com/blog/send-money-internationally/,2025-04-22,False,2026-09-04,False,"created_date: declared by the page, Open Graph article:published_time, live fetch 2026-09-11. modified_date: declared by the page, Open Graph article:modified_time, live fetch 2026-09-11"
2026-09-11,ai_mode,finance,"Can you suggest the most financially viable methods of commercial money transfers? My clients are in the United States, and I am located in the United Kingdom. Could you update or provide better solutions to save money?",3,https://www.revolut.com/money-transfer/send-money-to-the-usa/,https://www.revolut.com/money-transfer/send-money-to-the-usa/,2022-08-17,True,2026-01-31,True,"created_date: APPROXIMATE, upper bound — first Wayback Machine capture 2022-08-17; the page existed by then (35 monthly captures on record). modified_date: APPROXIMATE — article prose changed between the Wayback Machine capture of 2026-01-15 and the Wayback capture of 2026-02-17; midpoint reported, window 32 days, 5 captures compared"
2026-09-11,ai_mode,local_services,Can you help me find a reliable end of tenancy cleaning service in London for my flat?,1,https://housekeep.com/one-off-cleaning/end-of-tenancy/locations-city/london/,https://housekeep.com/one-off-cleaning/end-of-tenancy/locations-city/london/,2026-09-10,False,2026-07-01,True,"created_date: declared by the page, JSON-LD datePublished, live fetch 2026-09-11. modified_date: APPROXIMATE — article prose changed between the Wayback Machine capture of 2026-04-21 and the live page; midpoint reported, window 142 days, 5 captures compared"
2026-09-11,ai_mode,saas,What is the best music-making software.,1,https://www.musicradar.com/news/the-best-daws-the-best-music-production-software-for-pc-and-mac,https://www.musicradar.com/news/the-best-daws-the-best-music-production-software-for-pc-and-mac,2022-06-09,False,2026-05-07,False,"created_date: declared by the page, Open Graph article:published_time, live fetch 2026-09-11. modified_date: declared by the page, Open Graph article:modified_time, live fetch 2026-09-11"
2026-09-11,ai_mode,saas,What is the best music-making software.,2,https://soundref.com/best-daw-software/,https://soundref.com/best-daw-software/,2022-05-28,False,2024-04-05,False,"created_date: declared by the page, Open Graph article:published_time, live fetch 2026-09-11. modified_date: declared by the page, Open Graph article:modified_time, live fetch 2026-09-11"
2026-09-11,ai_mode,saas,"You are asked to evaluate different vendors for k8s support. You are considering Spectrocloud and Rancher... Also, just compare Spectrocloud and Rancher.",1,https://www.spectrocloud.com/how-palette-compares,https://www.spectrocloud.com/how-palette-compares,2020-03-27,False,2023-07-06,False,"created_date: declared by the page, JSON-LD datePublished, live fetch 2026-09-11. modified_date: declared by the page, JSON-LD dateModified, live fetch 2026-09-11"
2026-09-11,ai_mode,saas,"You are asked to evaluate different vendors for k8s support. You are considering Spectrocloud and Rancher... Also, just compare Spectrocloud and Rancher.",2,https://www.spectrocloud.com/how-palette-compares/rancher,https://www.spectrocloud.com/how-palette-compares/rancher,2024-03-14,False,2024-03-14,False,"created_date: declared by the page, JSON-LD datePublished, live fetch 2026-09-11. modified_date: declared by the page, JSON-LD dateModified, live fetch 2026-09-11"
2026-09-11,ai_mode,saas,"You are asked to evaluate different vendors for k8s support. You are considering Spectrocloud and Rancher... Also, just compare Spectrocloud and Rancher.",3,https://faun.dev/toolbox/compare/rancher-vs-spectro-cloud/,https://faun.dev/toolbox/compare/rancher-vs-spectro-cloud/,,False,,False,"created_date: none — never archived by the Wayback Machine. modified_date: none — only an HTTP Last-Modified header (deploy time, not an edit); never archived by the Wayback Machine"
2026-09-11,ai_mode,saas,"You are asked to evaluate different vendors for k8s support. You are considering Spectrocloud and Rancher... Also, just compare Spectrocloud and Rancher.",4,https://www.g2.com/compare/suse-rancher-vs-spectro-cloud-palette,https://www.g2.com/compare/suse-rancher-vs-spectro-cloud-palette,,False,,False,created_date: none — never archived by the Wayback Machine. modified_date: none — page declares no modified date; never archived by the Wayback Machine
2026-09-11,ai_mode,finance,i want to find crypto tokens that were previously dead and have started showing increasing trader activity again. how can i find these?,1,https://www.coingecko.com/,https://www.coingecko.com/,2014-04-10,True,2025-09-16,True,"created_date: APPROXIMATE, upper bound — first Wayback Machine capture 2014-04-10; the page existed by then (59 monthly captures on record). modified_date: APPROXIMATE — article prose changed between the Wayback Machine capture of 2025-09-01 and the Wayback capture of 2025-10-01; midpoint reported, window 29 days, 6 captures compared"
2026-09-11,ai_mode,travel,whats the cheapest place to go skiing in france,1,https://www.snowtrex.co.uk/magazine/top-10/affordable-ski-resorts-in-france/,https://www.snowtrex.co.uk/magazine/top-10/affordable-ski-resorts-in-france/,2025-11-27,False,2026-07-28,False,"created_date: declared in the Wayback Machine capture of 2026-02-13, Open Graph article:published_time; the live page no longer declares it. modified_date: declared by the page, Open Graph article:modified_time, fetched through a residential proxy on a later day after the direct fetch was refused"
2026-09-11,ai_mode,shopping,what are the best affiliate products for people who like to watch MrBeast?,1,https://www.reddit.com/r/youtube/comments/1e6og15/who_is_watching_mrbeast/,https://www.reddit.com/r/youtube/comments/1e6og15/who_is_watching_mrbeast/,,False,,False,"platform page (Google surface, video or social); never states page dates; not checked"
2026-09-11,ai_mode,shopping,what are the best affiliate products for people who like to watch MrBeast?,2,https://www.parrotanalytics.com/insights/amazons-mrbeast-series-is-primed-for-success/,https://www.parrotanalytics.com/insights/amazons-mrbeast-series-is-primed-for-success/,2024-04-12,True,2026-09-11,True,"created_date: APPROXIMATE, upper bound — first Wayback Machine capture 2024-04-12; the page existed by then (8 monthly captures on record). modified_date: APPROXIMATE — rotating listing (directory, route or deals page); entries differ under every Wayback capture, so treated as updated at the run date"
2026-09-11,ai_mode,travel,"Which is the best temple for a temple stay in Seoul, other than Bongeunsa",1,https://www.google.com/searchviewer/10?svid=CAwSHRIbCgNwdnESFENnMHZaeTh4TVdOc2EzWndlbkozGAo,https://www.google.com/searchviewer/10?svid=CAwSHRIbCgNwdnESFENnMHZaeTh4TVdOc2EzWndlbkozGAo,,False,,False,"platform page (Google surface, video or social); never states page dates; not checked"
2026-09-11,ai_mode,travel,"Which is the best temple for a temple stay in Seoul, other than Bongeunsa",2,https://www.google.com/searchviewer/10?svid=CAwSGBIWCgNwdnESD0Nna3ZiUzh3WXpoeFltdxgK,https://www.google.com/searchviewer/10?svid=CAwSGBIWCgNwdnESD0Nna3ZiUzh3WXpoeFltdxgK,,False,,False,"platform page (Google surface, video or social); never states page dates; not checked"
2026-09-11,ai_mode,travel,"Which is the best temple for a temple stay in Seoul, other than Bongeunsa",3,https://www.google.com/searchviewer/10?svid=CAwSGRIXCgNwdnESEENnb3ZiUzh3Ym1KamVHTmoYCg,https://www.google.com/searchviewer/10?svid=CAwSGRIXCgNwdnESEENnb3ZiUzh3Ym1KamVHTmoYCg,,False,,False,"platform page (Google surface, video or social); never states page dates; not checked"
2026-09-11,ai_mode,travel,"Which is the best temple for a temple stay in Seoul, other than Bongeunsa",4,https://www.google.com/searchviewer/10?svid=CAwSGxIZCgNwdnESEkNnc3ZaeTh4ZEdkd2NXczRZZxgK,https://www.google.com/searchviewer/10?svid=CAwSGxIZCgNwdnESEkNnc3ZaeTh4ZEdkd2NXczRZZxgK,,False,,False,"platform page (Google surface, video or social); never states page dates; not checked"
2026-09-11,ai_mode,travel,"Which is the best temple for a temple stay in Seoul, other than Bongeunsa",5,https://www.google.com/searchviewer/10?svid=CAwSGRIXCgNwdnESEENnb3ZiUzh3Ym1KbmRtWTUYCg,https://www.google.com/searchviewer/10?svid=CAwSGRIXCgNwdnESEENnb3ZiUzh3Ym1KbmRtWTUYCg,,False,,False,"platform page (Google surface, video or social); never states page dates; not checked"
2026-09-11,ai_mode,travel,"im travelling from milan to portula and havent sorted the transport yet. can you plan every transfer including hotel to the places im visiting, and tell me exactly where and how to buy the tickets?",1,https://www.rome2rio.com/s/Milan/Trivero,https://www.rome2rio.com/s/Milan/Trivero,,False,,False,created_date: none — never archived by the Wayback Machine. modified_date: none — page declares no modified date; never archived by the Wayback Machine
2026-09-11,ai_mode,travel,"im travelling from milan to portula and havent sorted the transport yet. can you plan every transfer including hotel to the places im visiting, and tell me exactly where and how to buy the tickets?",2,https://en.wikipedia.org/wiki/Portula,https://en.wikipedia.org/wiki/Portula,2006-09-03,False,2026-05-05,False,"created_date: declared by the page, JSON-LD datePublished, live fetch 2026-09-11. modified_date: declared by the page, JSON-LD dateModified, live fetch 2026-09-11"
2026-09-11,ai_mode,saas,Can you recommend a free software for converting .dat files to .fbk?,1,https://forums.augi.com/showthread.php?83683-Need-help-converting-trimble-dat-format-to-fbk-format,https://forums.augi.com/showthread.php?83683-Need-help-converting-trimble-dat-format-to-fbk-format,,False,,False,created_date: none — never archived by the Wayback Machine. modified_date: none — page declares no modified date; never archived by the Wayback Machine
2026-09-11,ai_mode,saas,Can you recommend a free software for converting .dat files to .fbk?,2,https://help.autodesk.com/view/CIV3D/2017/ENU/?caas=caas/CloudHelp/cloudhelp/2017/ENU/Civil3D-UserGuide/files/GUID-4523BE03-F340-45C6-B60F-126CF468AD44-htm.html,https://help.autodesk.com/view/CIV3D/2017/ENU/?caas=caas/CloudHelp/cloudhelp/2017/ENU/Civil3D-UserGuide/files/GUID-4523BE03-F340-45C6-B60F-126CF468AD44-htm.html,,False,,False,"created_date: none — never archived by the Wayback Machine. modified_date: none — only an HTTP Last-Modified header (deploy time, not an edit); never archived by the Wayback Machine"
2026-09-11,ai_mode,shopping,what are the best cameras that are known for their insane detail and quality in images,1,https://photographylife.com/comparison/sony-a7r-v-vs-nikon-z9,https://photographylife.com/comparison/sony-a7r-v-vs-nikon-z9,2024-07-31,False,2024-07-31,False,"created_date: declared by the page, JSON-LD datePublished, live fetch 2026-09-11. modified_date: declared in the Wayback Machine capture of 2024-12-07, JSON-LD dateModified; the live page no longer declares it"
2026-09-11,ai_mode,shopping,what are the best cameras that are known for their insane detail and quality in images,2,https://pxlmag.com/db/camera-compare/Nikon-Z9-vs-Sony-Alpha-A7R-V,https://pxlmag.com/db/camera-compare/Nikon-Z9-vs-Sony-Alpha-A7R-V,,False,,False,created_date: none — never archived by the Wayback Machine. modified_date: none — page declares no modified date; never archived by the Wayback Machine
2026-09-11,ai_mode,local_services,Is this work for under ground burial? PVC Coated Galvanized Steel Flexible Conduit,1,"https://www.google.com/search?q=product&prds=pvt:hg,productid:9389019911914604863,catalogid:244927311425354587,gpcid:18388670145617169844&ibp=oshop","https://www.google.com/search?q=product&prds=pvt:hg,productid:9389019911914604863,catalogid:244927311425354587,gpcid:18388670145617169844&ibp=oshop",,False,,False,"platform page (Google surface, video or social); never states page dates; not checked"
2026-09-11,ai_mode,local_services,Is this work for under ground burial? PVC Coated Galvanized Steel Flexible Conduit,2,"https://www.google.com/search?q=product&prds=pvt:hg,productid:13131244289044019781&ibp=oshop","https://www.google.com/search?q=product&prds=pvt:hg,productid:13131244289044019781&ibp=oshop",,False,,False,"platform page (Google surface, video or social); never states page dates; not checked"
2026-09-11,ai_mode,local_services,Is this work for under ground burial? PVC Coated Galvanized Steel Flexible Conduit,3,"https://www.google.com/search?q=product&prds=pvt:hg,productid:14605613355102539398,catalogid:12261685861531565937,gpcid:9204104605682671595&ibp=oshop","https://www.google.com/search?q=product&prds=pvt:hg,productid:14605613355102539398,catalogid:12261685861531565937,gpcid:9204104605682671595&ibp=oshop",,False,,False,"platform page (Google surface, video or social); never states page dates; not checked"
2026-09-11,ai_mode,local_services,Is this work for under ground burial? PVC Coated Galvanized Steel Flexible Conduit,4,"https://www.google.com/search?q=product&prds=pvt:hg,productid:17287834949447493686,catalogid:12273836161500632869,gpcid:8908403292527073317,mid:576462511284541892&ibp=oshop","https://www.google.com/search?q=product&prds=pvt:hg,productid:17287834949447493686,catalogid:12273836161500632869,gpcid:8908403292527073317,mid:576462511284541892&ibp=oshop",,False,,False,"platform page (Google surface, video or social); never states page dates; not checked"
2026-09-11,ai_mode,wellness,Suggest me top 20 camera modules and machin visions with 4k quality that can be use in medical rigid endoscopy,1,"https://www.google.com/search?q=product&prds=pvt:hg,productid:11018561819438454995,catalogid:2836377332316473028&ibp=oshop","https://www.google.com/search?q=product&prds=pvt:hg,productid:11018561819438454995,catalogid:2836377332316473028&ibp=oshop",,False,,False,"platform page (Google surface, video or social); never states page dates; not checked"
2026-09-11,ai_mode,wellness,Suggest me top 20 camera modules and machin visions with 4k quality that can be use in medical rigid endoscopy,2,"https://www.google.com/search?q=product&prds=pvt:hg,productid:7649019399564956867,catalogid:13702303348140175426,gpcid:15702397137653635472&ibp=oshop","https://www.google.com/search?q=product&prds=pvt:hg,productid:7649019399564956867,catalogid:13702303348140175426,gpcid:15702397137653635472&ibp=oshop",,False,,False,"platform page (Google surface, video or social); never states page dates; not checked"
2026-09-11,ai_mode,wellness,Suggest me top 20 camera modules and machin visions with 4k quality that can be use in medical rigid endoscopy,3,"https://www.google.com/search?q=product&prds=pvt:hg,productid:1887079444499083120&ibp=oshop","https://www.google.com/search?q=product&prds=pvt:hg,productid:1887079444499083120&ibp=oshop",,False,,False,"platform page (Google surface, video or social); never states page dates; not checked"
2026-09-11,ai_mode,wellness,can you suggest a dentist in athens greece that exams teeth for demineralization?,1,https://www.instadoctor.gr/booking/63358b4ce2c56?o=63358b4ce3ec7&s=34ac567811554,https://www.instadoctor.gr/booking/63358b4ce2c56?o=63358b4ce3ec7&s=34ac567811554,,False,,False,created_date: none — never archived by the Wayback Machine. modified_date: none — page declares no modified date; never archived by the Wayback Machine
2026-09-11,ai_mode,wellness,can you suggest a dentist in athens greece that exams teeth for demineralization?,2,https://www.instadoctor.gr/booking/623075946f8f2?o=6230759470d79&s=34ac5678262,https://www.instadoctor.gr/booking/623075946f8f2?o=6230759470d79&s=34ac5678262,,False,,False,created_date: none — never archived by the Wayback Machine. modified_date: none — page declares no modified date; never archived by the Wayback Machine
2026-09-11,ai_mode,wellness,can you suggest a dentist in athens greece that exams teeth for demineralization?,3,https://www.instadoctor.gr/booking/6814bbda9fc66?o=6814bbdaa0d63&s=34ac567855078,https://www.instadoctor.gr/booking/6814bbda9fc66?o=6814bbdaa0d63&s=34ac567855078,,False,,False,created_date: none — never archived by the Wayback Machine. modified_date: none — page declares no modified date; never archived by the Wayback Machine
2026-09-11,ai_mode,finance,"tell me about the idea of doing an investment in the atm for example 3000 dollar
how much can i earn
tell me the best location in hamilton 
how much money i need to buy the atm
tell me step by step process 
how much i can get if i lease my atm
best location to set up an atm and earn maximum profit in toranto
how much can i make there
do i need to put my money in atm
how much money do i need for filling it regularly",1,https://www.herringbank.com/learn/how-to-start-an-atm-business/,https://www.herringbank.com/learn/how-to-start-an-atm-business/,2026-05-21,False,2026-05-21,False,"created_date: declared by the page, Open Graph article:published_time, live fetch 2026-09-11. modified_date: declared by the page, Open Graph article:modified_time, live fetch 2026-09-11"
2026-09-11,ai_mode,finance,"tell me about the idea of doing an investment in the atm for example 3000 dollar
how much can i earn
tell me the best location in hamilton 
how much money i need to buy the atm
tell me step by step process 
how much i can get if i lease my atm
best location to set up an atm and earn maximum profit in toranto
how much can i make there
do i need to put my money in atm
how much money do i need for filling it regularly",2,https://www.greenmachineatms.com/blog/how-much-can-you-expect-to-make-owning-an-atm/,https://www.greenmachineatms.com/blog/how-much-can-you-expect-to-make-owning-an-atm/,2026-02-15,False,2026-02-22,False,"created_date: declared by the page, Open Graph article:published_time, live fetch 2026-09-11. modified_date: declared by the page, Open Graph article:modified_time, live fetch 2026-09-11"
2026-09-11,ai_mode,finance,"tell me about the idea of doing an investment in the atm for example 3000 dollar
how much can i earn
tell me the best location in hamilton 
how much money i need to buy the atm
tell me step by step process 
how much i can get if i lease my atm
best location to set up an atm and earn maximum profit in toranto
how much can i make there
do i need to put my money in atm
how much money do i need for filling it regularly",3,"https://www.google.com/search?q=product&prds=pvt:hg,productid:15634654504525127448,catalogid:17167177759998216631,gpcid:812729149089561961,mid:576462849160514600&ibp=oshop","https://www.google.com/search?q=product&prds=pvt:hg,productid:15634654504525127448,catalogid:17167177759998216631,gpcid:812729149089561961,mid:576462849160514600&ibp=oshop",,False,,False,"platform page (Google surface, video or social); never states page dates; not checked"
2026-09-11,ai_mode,finance,"tell me about the idea of doing an investment in the atm for example 3000 dollar
how much can i earn
tell me the best location in hamilton 
how much money i need to buy the atm
tell me step by step process 
how much i can get if i lease my atm
best location to set up an atm and earn maximum profit in toranto
how much can i make there
do i need to put my money in atm
how much money do i need for filling it regularly",4,"https://www.google.com/search?q=product&prds=pvt:hg,productid:17692955638716036600,catalogid:9075881822000724785,gpcid:720557045805257684,mid:576462349330152420&ibp=oshop","https://www.google.com/search?q=product&prds=pvt:hg,productid:17692955638716036600,catalogid:9075881822000724785,gpcid:720557045805257684,mid:576462349330152420&ibp=oshop",,False,,False,"platform page (Google surface, video or social); never states page dates; not checked"
2026-09-11,ai_mode,finance,"tell me about the idea of doing an investment in the atm for example 3000 dollar
how much can i earn
tell me the best location in hamilton 
how much money i need to buy the atm
tell me step by step process 
how much i can get if i lease my atm
best location to set up an atm and earn maximum profit in toranto
how much can i make there
do i need to put my money in atm
how much money do i need for filling it regularly",5,"https://www.google.com/search?q=product&prds=pvt:hg,productid:15083240180480693557,catalogid:12707794785063463401,gpcid:10830586609076192378&ibp=oshop","https://www.google.com/search?q=product&prds=pvt:hg,productid:15083240180480693557,catalogid:12707794785063463401,gpcid:10830586609076192378&ibp=oshop",,False,,False,"platform page (Google surface, video or social); never states page dates; not checked"
2026-09-11,ai_mode,local_services,how much does it cost to hire a software developer to make a website for a small buisness in ocala florida,1,https://skyway.media/how-much-does-it-cost-to-hire-a-web-designer/,https://skyway.media/how-much-does-it-cost-to-hire-a-web-designer/,2025-10-21,False,2025-10-21,False,"created_date: declared by the page, Open Graph article:published_time, live fetch 2026-09-11. modified_date: declared by the page, Open Graph article:modified_time, live fetch 2026-09-11"
2026-09-11,ai_mode,local_services,how much does it cost to hire a software developer to make a website for a small buisness in ocala florida,2,https://www.quora.com/How-much-would-it-cost-me-to-hire-a-programmer-to-make-a-website-and-a-supporting-app,https://www.quora.com/How-much-would-it-cost-me-to-hire-a-programmer-to-make-a-website-and-a-supporting-app,,False,,False,"platform page (Google surface, video or social); never states page dates; not checked"
2026-09-11,ai_mode,local_services,how much does it cost to hire a software developer to make a website for a small buisness in ocala florida,3,https://gruffygoat.com/blog/small-business-website-cost,https://gruffygoat.com/blog/small-business-website-cost,2025-06-25,False,2025-06-25,False,"created_date: declared by the page, JSON-LD datePublished, live fetch 2026-09-11. modified_date: declared in the Wayback Machine capture of 2025-07-14, Open Graph og:updated_time; the live page no longer declares it"
2026-09-11,ai_mode,local_services,how much does it cost to hire a software developer to make a website for a small buisness in ocala florida,4,https://www.linkedin.com/pulse/how-much-does-cost-hire-someone-build-website-small-business-bt8mf,https://www.linkedin.com/pulse/how-much-does-cost-hire-someone-build-website-small-business-bt8mf,,False,,False,"platform page (Google surface, video or social); never states page dates; not checked"
2026-09-11,ai_mode,finance,"What is the cheapest renters insurance policy that I can buy to satisfy this requirement: ""AM Best rating of A-VII""",1,https://www.lawinsider.com/dictionary/am-best-rating-of-a-vii,https://www.lawinsider.com/dictionary/am-best-rating-of-a-vii,,False,2025-07-06,False,"created_date: none — page declares no publish date; not archived. modified_date: declared by the page, JSON-LD dateModified, live fetch 2026-09-11"
2026-09-11,ai_mode,finance,"What is the cheapest renters insurance policy that I can buy to satisfy this requirement: ""AM Best rating of A-VII""",2,https://news.ambest.com/pr/PressContent.aspx?refnum=36760&altsrc=2,https://news.ambest.com/pr/PressContent.aspx?refnum=36760&altsrc=2,2025-11-14,False,2026-02-15,True,"created_date: declared in the Wayback Machine capture of 2026-02-15, <meta> date; the live page no longer declares it. modified_date: APPROXIMATE, upper bound — article prose identical to the first Wayback Machine capture 2026-02-15; the last edit predates the archive"
2026-09-11,ai_mode,finance,"What is the cheapest renters insurance policy that I can buy to satisfy this requirement: ""AM Best rating of A-VII""",3,https://www.reddit.com/r/Insurance/comments/vro6k5/what_the_heck_is_avii_renters_insurnace/,https://www.reddit.com/r/Insurance/comments/vro6k5/what_the_heck_is_avii_renters_insurnace/,,False,,False,"platform page (Google surface, video or social); never states page dates; not checked"
2026-09-11,ai_mode,finance,"What is the cheapest renters insurance policy that I can buy to satisfy this requirement: ""AM Best rating of A-VII""",4,https://www.reddit.com/r/legaladvice/comments/1evfcyt/my_apartment_complex_in_ca_says_they_dont_accept/,https://www.reddit.com/r/legaladvice/comments/1evfcyt/my_apartment_complex_in_ca_says_they_dont_accept/,,False,,False,"platform page (Google surface, video or social); never states page dates; not checked"
2026-09-11,ai_mode,finance,"What is the cheapest renters insurance policy that I can buy to satisfy this requirement: ""AM Best rating of A-VII""",5,https://www.reddit.com/r/Insurance/comments/1sylvgf/state_farm_am_best_rating/,https://www.reddit.com/r/Insurance/comments/1sylvgf/state_farm_am_best_rating/,,False,,False,"platform page (Google surface, video or social); never states page dates; not checked"
2026-09-11,ai_mode,travel,"im looking for wedding venues in the yarra valley victoria, what packages and prices are out there?",1,https://www.google.com/searchviewer/10?svid=CAwSGxIZCgNwdnESEkNnc3ZaeTh4ZEdaeGJHbzJlZxgK,https://www.google.com/searchviewer/10?svid=CAwSGxIZCgNwdnESEkNnc3ZaeTh4ZEdaeGJHbzJlZxgK,,False,,False,"platform page (Google surface, video or social); never states page dates; not checked"
2026-09-11,ai_mode,travel,"im looking for wedding venues in the yarra valley victoria, what packages and prices are out there?",2,https://www.google.com/searchviewer/10?svid=CAwSGRIXCgNwdnESEENnb3ZiUzh3YXpKeGRETngYCg,https://www.google.com/searchviewer/10?svid=CAwSGRIXCgNwdnESEENnb3ZiUzh3YXpKeGRETngYCg,,False,,False,"platform page (Google surface, video or social); never states page dates; not checked"
2026-09-11,ai_mode,travel,"im looking for wedding venues in the yarra valley victoria, what packages and prices are out there?",3,https://www.google.com/searchviewer/10?svid=CAwSGxIZCgNwdnESEkNnc3ZaeTh4ZEdSNGJEQXdYdxgK,https://www.google.com/searchviewer/10?svid=CAwSGxIZCgNwdnESEkNnc3ZaeTh4ZEdSNGJEQXdYdxgK,,False,,False,"platform page (Google surface, video or social); never states page dates; not checked"
2026-09-11,ai_mode,travel,"im looking for wedding venues in the yarra valley victoria, what packages and prices are out there?",4,https://www.google.com/searchviewer/10?svid=CAwSGxIZCgNwdnESEkNnc3ZaeTh4ZHpFMWVtdzVadxgK,https://www.google.com/searchviewer/10?svid=CAwSGxIZCgNwdnESEkNnc3ZaeTh4ZHpFMWVtdzVadxgK,,False,,False,"platform page (Google surface, video or social); never states page dates; not checked"
2026-09-11,ai_overview,travel,"generate flight suggestions for traveling from trichy to chennai, departing tomorrow and returning in 5 days. include approximate pricing and recommended airlines.",1,https://www.makemytrip.com/flights/tiruchirapally-chennai-cheap-airtickets.html,https://www.makemytrip.com/flights/tiruchirapally-chennai-cheap-airtickets.html,2010-05-09,True,,False,"created_date: APPROXIMATE, upper bound — first Wayback Machine capture 2010-05-09; the page existed by then (16 monthly captures on record). modified_date: none — page declares no modified date; live fetch refused and no recent Wayback capture to stand in"
2026-09-11,ai_overview,travel,"generate flight suggestions for traveling from trichy to chennai, departing tomorrow and returning in 5 days. include approximate pricing and recommended airlines.",2,https://www.google.com/travel/flights/flights-from-tiruchirappalli-to-chennai.html,https://www.google.com/travel/flights/flights-from-tiruchirappalli-to-chennai.html,,False,,False,"platform page (Google surface, video or social); never states page dates; not checked"
2026-09-11,ai_overview,travel,"generate flight suggestions for traveling from trichy to chennai, departing tomorrow and returning in 5 days. include approximate pricing and recommended airlines.",3,https://us.trip.com/flights/tiruchirapalli-to-chennai/airfares-trz-maa/,https://us.trip.com/flights/tiruchirapalli-to-chennai/airfares-trz-maa/,,False,,False,created_date: none — never archived by the Wayback Machine. modified_date: none — page declares no modified date; never archived by the Wayback Machine
2026-09-11,ai_overview,travel,"generate flight suggestions for traveling from trichy to chennai, departing tomorrow and returning in 5 days. include approximate pricing and recommended airlines.",4,https://www.goibibo.com/flights/tiruchirappalli-to-chennai-flight-schedule/,https://www.goibibo.com/flights/tiruchirappalli-to-chennai-flight-schedule/,2019-10-15,True,,False,"created_date: APPROXIMATE, upper bound — first Wayback Machine capture 2019-10-15; the page existed by then (1 monthly captures on record). modified_date: none — page declares no modified date; no extractable prose (JS-rendered, PDF or bot wall), so captures cannot be compared"
2026-09-11,ai_overview,travel,"generate flight suggestions for traveling from trichy to chennai, departing tomorrow and returning in 5 days. include approximate pricing and recommended airlines.",5,https://www.ixigo.com/cheap-flights/tiruchirapalli-chennai-trz-maa,https://www.ixigo.com/cheap-flights/tiruchirapalli-chennai-trz-maa,2021-08-01,True,2024-10-17,True,"created_date: APPROXIMATE, upper bound — first Wayback Machine capture 2021-08-01; the page existed by then (17 monthly captures on record). modified_date: APPROXIMATE — article prose changed between the Wayback Machine capture of 2024-07-18 and the Wayback capture of 2025-01-16; midpoint reported, window 182 days, 4 captures compared"
2026-09-11,ai_overview,travel,"generate flight suggestions for traveling from trichy to chennai, departing tomorrow and returning in 5 days. include approximate pricing and recommended airlines.",6,https://timesofindia.indiatimes.com/city/trichy/chennaitrichy-flight-fares-soar-amid-holiday-demand/articleshow/134075520.cms,https://timesofindia.indiatimes.com/city/trichy/chennaitrichy-flight-fares-soar-amid-holiday-demand/articleshow/134075520.cms,2026-09-11,False,2026-09-11,False,"created_date: declared by the page, JSON-LD datePublished, live fetch 2026-09-11. modified_date: declared by the page, JSON-LD dateModified, fetched through a residential proxy on a later day after the direct fetch was refused"
2026-09-11,ai_overview,travel,"generate flight suggestions for traveling from trichy to chennai, departing tomorrow and returning in 5 days. include approximate pricing and recommended airlines.",7,https://www.kayak.co.in/flight-routes/Tiruchirappalli-Civil-TRZ/Chennai-MAA,https://www.kayak.co.in/flight-routes/Tiruchirappalli-Civil-TRZ/Chennai-MAA,2015-01-25,True,2026-09-11,True,"created_date: APPROXIMATE, upper bound — first Wayback Machine capture 2015-01-25; the page existed by then (6 monthly captures on record). modified_date: APPROXIMATE — rotating listing (directory, route or deals page); entries differ under every Wayback capture, so treated as updated at the run date"
2026-09-11,ai_overview,travel,"generate flight suggestions for traveling from trichy to chennai, departing tomorrow and returning in 5 days. include approximate pricing and recommended airlines.",8,https://www.happyfares.in/flights/tiruchirappalli-to-chennai-flight-status,https://www.happyfares.in/flights/tiruchirappalli-to-chennai-flight-status,,False,,False,created_date: none — never archived by the Wayback Machine. modified_date: none — declared date within 24 h of the fetch (template prints now); never archived by the Wayback Machine
2026-09-11,ai_overview,travel,"generate flight suggestions for traveling from trichy to chennai, departing tomorrow and returning in 5 days. include approximate pricing and recommended airlines.",9,https://www.flightsfrom.com/TRZ-MAA,https://www.flightsfrom.com/TRZ-MAA,2021-09-25,True,,False,"created_date: APPROXIMATE, upper bound — first Wayback Machine capture 2021-09-25; the page existed by then (3 monthly captures on record). modified_date: none — page declares no modified date; live fetch refused and no recent Wayback capture to stand in"
2026-09-11,ai_overview,travel,"generate flight suggestions for traveling from trichy to chennai, departing tomorrow and returning in 5 days. include approximate pricing and recommended airlines.",10,https://www.google.com/travel/flights?tfs=CCwQAhopEgoyMDI2LTA5LTEyag0IAxIJL20vMDE5Zmx2cgwIAxIIL20vMGM4dGsaKRIKMjAyNi0wOS0xNGoMCAMSCC9tLzBjOHRrcg0IAxIJL20vMDE5Zmx2SAFSA1VTRHpoQ2pSSVdYTkJPR2xGU0Y5MlZ6aEJSVGx6VjNkQ1J5MHRMUzB0TFMwdGRHSmljbWN5TWtGQlFVRkJSM0ZyVGxWTlQxbFhlRmRCRWdOak5rVWFDZ2lvWHhBQ0dnTlZVMFE0TTNDb1h3PT0&curr=USD&hl=en-US&gl=US,https://www.google.com/travel/flights?tfs=CCwQAhopEgoyMDI2LTA5LTEyag0IAxIJL20vMDE5Zmx2cgwIAxIIL20vMGM4dGsaKRIKMjAyNi0wOS0xNGoMCAMSCC9tLzBjOHRrcg0IAxIJL20vMDE5Zmx2SAFSA1VTRHpoQ2pSSVdYTkJPR2xGU0Y5MlZ6aEJSVGx6VjNkQ1J5MHRMUzB0TFMwdGRHSmljbWN5TWtGQlFVRkJSM0ZyVGxWTlQxbFhlRmRCRWdOak5rVWFDZ2lvWHhBQ0dnTlZVMFE0TTNDb1h3PT0&curr=USD&hl=en-US&gl=US,,False,,False,"platform page (Google surface, video or social); never states page dates; not checked"
2026-09-11,ai_overview,shopping,explain the difference between snapdragon 7+ gen 3 and dimensity 8300,1,https://nanoreview.net/en/soc-compare/qualcomm-snapdragon-7-gen-3-vs-mediatek-dimensity-8300,https://nanoreview.net/en/soc-compare/qualcomm-snapdragon-7-gen-3-vs-mediatek-dimensity-8300,2024-04-28,True,2026-09-11,True,"created_date: APPROXIMATE, upper bound — first Wayback Machine capture 2024-04-28; the page existed by then (7 monthly captures on record). modified_date: APPROXIMATE — rotating listing (directory, route or deals page); entries differ under every Wayback capture, so treated as updated at the run date"
2026-09-11,ai_overview,shopping,explain the difference between snapdragon 7+ gen 3 and dimensity 8300,2,https://www.reddit.com/r/SBCGaming/comments/1scvb2f/tablet_also_for_gaming_dimensity_8300_vs_sd_7_gen3/,https://www.reddit.com/r/SBCGaming/comments/1scvb2f/tablet_also_for_gaming_dimensity_8300_vs_sd_7_gen3/,,False,,False,"platform page (Google surface, video or social); never states page dates; not checked"
2026-09-11,ai_overview,shopping,explain the difference between snapdragon 7+ gen 3 and dimensity 8300,3,https://www.gadgetbytenepal.com/mediatek-dimensity-8300-vs-snapdragon-7-gen-3/,https://www.gadgetbytenepal.com/mediatek-dimensity-8300-vs-snapdragon-7-gen-3/,2023-11-24,False,2023-11-24,False,"created_date: declared by the page, JSON-LD datePublished, live fetch 2026-09-11. modified_date: declared in the Wayback Machine capture of 2024-02-20, JSON-LD dateModified; the live page no longer declares it"
2026-09-11,ai_overview,shopping,explain the difference between snapdragon 7+ gen 3 and dimensity 8300,4,https://www.91mobiles.com/processor/qualcomm-snapdragon-7-gen-3-vs-mediatek-dimensity-8300-ultra,https://www.91mobiles.com/processor/qualcomm-snapdragon-7-gen-3-vs-mediatek-dimensity-8300-ultra,,False,,False,created_date: none — page declares no publish date. modified_date: none — page declares no modified date; Wayback fetch error
2026-09-11,ai_overview,shopping,explain the difference between snapdragon 7+ gen 3 and dimensity 8300,5,https://medium.com/technology-hits/mediatek-dimensity-8300-vs-snapdragon-7-gen-3-the-ultimate-2025-showdown-be61934a68de,https://medium.com/technology-hits/mediatek-dimensity-8300-vs-snapdragon-7-gen-3-the-ultimate-2025-showdown-be61934a68de,,False,,False,created_date: none — never archived by the Wayback Machine. modified_date: none — page declares no modified date; never archived by the Wayback Machine
2026-09-11,ai_overview,finance,"What is the cheapest way to get dollars for the trip beforehand? Or how should I pay there, as I am from Germany",1,https://www.reddit.com/r/digitalnomad/comments/1din86l/when_traveling_to_other_countries_what_is_the/,https://www.reddit.com/r/digitalnomad/comments/1din86l/when_traveling_to_other_countries_what_is_the/,,False,,False,"platform page (Google surface, video or social); never states page dates; not checked"
2026-09-11,ai_overview,finance,"What is the cheapest way to get dollars for the trip beforehand? Or how should I pay there, as I am from Germany",2,https://www.reddit.com/r/travel/comments/xf1d9t/traveling_to_germany_from_us_do_i_need_to_bring/,https://www.reddit.com/r/travel/comments/xf1d9t/traveling_to_germany_from_us_do_i_need_to_bring/,,False,,False,"platform page (Google surface, video or social); never states page dates; not checked"
2026-09-11,ai_overview,finance,"What is the cheapest way to get dollars for the trip beforehand? Or how should I pay there, as I am from Germany",3,https://www.ricksteves.com/travel-tips/money/cash-tips,https://www.ricksteves.com/travel-tips/money/cash-tips,2013-08-24,False,2026-04-02,False,"created_date: declared in the Wayback Machine capture of 2025-04-05, JSON-LD datePublished; the live page no longer declares it. modified_date: declared by the page, JSON-LD dateModified, fetched through a residential proxy on a later day after the direct fetch was refused"
2026-09-11,ai_overview,finance,"What is the cheapest way to get dollars for the trip beforehand? Or how should I pay there, as I am from Germany",4,https://www.bankrate.com/personal-finance/ordering-foreign-currency-before-traveling/,https://www.bankrate.com/personal-finance/ordering-foreign-currency-before-traveling/,2025-02-17,False,2025-02-17,False,"created_date: declared by the page, Open Graph article:published_time, live fetch 2026-09-11. modified_date: declared by the page, Open Graph article:modified_time, live fetch 2026-09-11"
2026-09-11,ai_overview,finance,"What is the cheapest way to get dollars for the trip beforehand? Or how should I pay there, as I am from Germany",5,https://www.facebook.com/groups/1645676392510333/posts/2081997448878223/,https://www.facebook.com/groups/1645676392510333/posts/2081997448878223/,,False,,False,"platform page (Google surface, video or social); never states page dates; not checked"
2026-09-11,ai_overview,finance,"What is the cheapest way to get dollars for the trip beforehand? Or how should I pay there, as I am from Germany",6,https://www.facebook.com/groups/6138328615/posts/10159863752628616/,https://www.facebook.com/groups/6138328615/posts/10159863752628616/,,False,,False,"platform page (Google surface, video or social); never states page dates; not checked"
2026-09-11,ai_overview,finance,"What is the cheapest way to get dollars for the trip beforehand? Or how should I pay there, as I am from Germany",7,https://www.reddit.com/r/travel/comments/1s0nxwh/best_way_to_get_euros_before_trip/,https://www.reddit.com/r/travel/comments/1s0nxwh/best_way_to_get_euros_before_trip/,,False,,False,"platform page (Google surface, video or social); never states page dates; not checked"
2026-09-11,ai_overview,finance,"What is the cheapest way to get dollars for the trip beforehand? Or how should I pay there, as I am from Germany",8,https://www.nerdwallet.com/travel/learn/order-foreign-currency,https://www.nerdwallet.com/travel/learn/order-foreign-currency,2024-02-07,False,2025-11-07,False,"created_date: declared in the Wayback Machine capture of 2026-02-16, JSON-LD datePublished; the live page no longer declares it. modified_date: declared in the Wayback Machine capture of 2026-02-16, JSON-LD dateModified; the live page no longer declares it"
2026-09-11,ai_overview,finance,"What is the cheapest way to get dollars for the trip beforehand? Or how should I pay there, as I am from Germany",9,https://www.youtube.com/shorts/qlsXxk-Xdoo?vl=en,https://www.youtube.com/shorts/qlsXxk-Xdoo?vl=en,,False,,False,"platform page (Google surface, video or social); never states page dates; not checked"
2026-09-11,ai_overview,finance,"What is the cheapest way to get dollars for the trip beforehand? Or how should I pay there, as I am from Germany",10,https://www.goaheadtours.com/travel-blog/articles/currency-exchange-euros-to-dollars,https://www.goaheadtours.com/travel-blog/articles/currency-exchange-euros-to-dollars,2019-09-04,False,2022-12-05,False,"created_date: declared in the Wayback Machine capture of 2024-08-08, JSON-LD datePublished; the live page no longer declares it. modified_date: declared in the Wayback Machine capture of 2023-05-28, JSON-LD dateModified; the live page no longer declares it"
2026-09-11,ai_overview,finance,"What is the cheapest way to get dollars for the trip beforehand? Or how should I pay there, as I am from Germany",11,https://travelpast50.com/best-exchange-rates-when-you-travel/,https://travelpast50.com/best-exchange-rates-when-you-travel/,2024-05-15,False,2026-07-29,False,"created_date: declared by the page, Open Graph article:published_time, live fetch 2026-09-11. modified_date: declared by the page, Open Graph article:modified_time, live fetch 2026-09-11"
2026-09-11,ai_overview,wellness,will i get fare skin by using kojic acid body wash?,1,https://www.youtube.com/watch?v=wnPI_UrDiHY,https://www.youtube.com/watch?v=wnPI_UrDiHY,,False,,False,"platform page (Google surface, video or social); never states page dates; not checked"
2026-09-11,ai_overview,wellness,will i get fare skin by using kojic acid body wash?,2,https://www.healthline.com/health/kojic-acid,https://www.healthline.com/health/kojic-acid,2017-08-17,False,2026-05-22,False,"created_date: declared by the page, Open Graph article:published_time, live fetch 2026-09-11. modified_date: declared by the page, JSON-LD dateModified, live fetch 2026-09-11"
2026-09-11,ai_overview,wellness,will i get fare skin by using kojic acid body wash?,3,https://www.skincarepersonaltouch.com/blogs/news/how-long-does-it-take-kojic-acid-to-lighten-skin?srsltid=AfmBOorLQpPXOPSMOK0x2kbQ24MZ9gC_9F6w4dqC2TN2fDeDka-MoMDq,https://www.skincarepersonaltouch.com/blogs/news/how-long-does-it-take-kojic-acid-to-lighten-skin?srsltid=AfmBOorLQpPXOPSMOK0x2kbQ24MZ9gC_9F6w4dqC2TN2fDeDka-MoMDq,2024-07-11,False,2024-07-11,False,"created_date: declared by the page, JSON-LD datePublished, live fetch 2026-09-11. modified_date: declared by the page, JSON-LD dateModified, live fetch 2026-09-11"
2026-09-11,ai_overview,wellness,will i get fare skin by using kojic acid body wash?,4,https://beminimalist.co/blogs/skin-care/kojic-acid-in-cream-serum-soap-or-face-wash-what-is-best?srsltid=AfmBOooIsf7p9pH4uMbRckNLRP9sq5oc1M5egCXlDS3Q_YMrf8_wZ6OQ,https://beminimalist.co/blogs/skin-care/kojic-acid-in-cream-serum-soap-or-face-wash-what-is-best?srsltid=AfmBOooIsf7p9pH4uMbRckNLRP9sq5oc1M5egCXlDS3Q_YMrf8_wZ6OQ,2020-10-27,False,,False,"created_date: declared by the page, JSON-LD datePublished, live fetch 2026-09-11. modified_date: none — page declares no modified date; never archived by the Wayback Machine"
2026-09-11,ai_overview,wellness,will i get fare skin by using kojic acid body wash?,5,https://www.facebook.com/ClubGlamrs/videos/-get-even-toned-skin-with-kojic-acid-body-wash-link-to-the-body-wash-here-httpsm/1475522812990745/,https://www.facebook.com/ClubGlamrs/videos/-get-even-toned-skin-with-kojic-acid-body-wash-link-to-the-body-wash-here-httpsm/1475522812990745/,,False,,False,"platform page (Google surface, video or social); never states page dates; not checked"
2026-09-11,ai_overview,wellness,will i get fare skin by using kojic acid body wash?,6,https://www.health.com/kojic-acid-soap-8357867,https://www.health.com/kojic-acid-soap-8357867,2023-10-31,False,2026-08-02,False,"created_date: declared by the page, JSON-LD datePublished, live fetch 2026-09-11. modified_date: declared by the page, JSON-LD dateModified, live fetch 2026-09-11"
2026-09-11,ai_overview,wellness,will i get fare skin by using kojic acid body wash?,7,https://www.skincarepersonaltouch.com/blogs/news/how-long-does-it-take-kojic-acid-to-lighten-skin,https://www.skincarepersonaltouch.com/blogs/news/how-long-does-it-take-kojic-acid-to-lighten-skin,2024-07-11,False,2024-07-11,False,"created_date: declared by the page, JSON-LD datePublished, live fetch 2026-09-11. modified_date: declared by the page, JSON-LD dateModified, live fetch 2026-09-11"
2026-09-11,ai_overview,saas,"we're using salesmartly for customer chat but its getting expensive. whats else is out there thats similar? small team, mostly whatsapp and instagram dms",1,https://www.g2.com/products/salesmartly/pricing,https://www.g2.com/products/salesmartly/pricing,,False,,False,created_date: none — never archived by the Wayback Machine. modified_date: none — page declares no modified date; never archived by the Wayback Machine
2026-09-11,ai_overview,saas,"we're using salesmartly for customer chat but its getting expensive. whats else is out there thats similar? small team, mostly whatsapp and instagram dms",2,https://www.gptbots.ai/blog/salemartly-review,https://www.gptbots.ai/blog/salemartly-review,2025-09-26,False,2026-01-04,False,"created_date: declared in the Wayback Machine capture of 2026-01-24, JSON-LD datePublished; the live page no longer declares it. modified_date: declared in the Wayback Machine capture of 2026-01-24, JSON-LD dateModified; the live page no longer declares it"
2026-09-11,ai_overview,saas,"we're using salesmartly for customer chat but its getting expensive. whats else is out there thats similar? small team, mostly whatsapp and instagram dms",3,https://creatorflow.so/blog/best-instagram-dm-automation-tools/,https://creatorflow.so/blog/best-instagram-dm-automation-tools/,2025-10-23,False,2026-08-26,False,"created_date: declared by the page, Open Graph article:published_time, live fetch 2026-09-11. modified_date: declared by the page, Open Graph article:modified_time, live fetch 2026-09-11"
2026-09-11,ai_overview,saas,"we're using salesmartly for customer chat but its getting expensive. whats else is out there thats similar? small team, mostly whatsapp and instagram dms",4,https://inflowave.io/resources/best-instagram-crm-tools,https://inflowave.io/resources/best-instagram-crm-tools,2025-01-01,False,2026-07-13,False,"created_date: declared by the page, JSON-LD datePublished, live fetch 2026-09-11. modified_date: declared by the page, JSON-LD dateModified, live fetch 2026-09-11"
2026-09-11,ai_overview,saas,"we're using salesmartly for customer chat but its getting expensive. whats else is out there thats similar? small team, mostly whatsapp and instagram dms",5,https://www.wati.io/,https://www.wati.io/,2023-03-20,False,2026-05-15,False,"created_date: declared by the page, JSON-LD datePublished, live fetch 2026-09-11. modified_date: declared by the page, Open Graph article:modified_time, live fetch 2026-09-11"
2026-09-11,ai_overview,saas,"we're using salesmartly for customer chat but its getting expensive. whats else is out there thats similar? small team, mostly whatsapp and instagram dms",6,https://respond.io/blog/best-instagram-chatbots,https://respond.io/blog/best-instagram-chatbots,2025-12-09,False,2026-08-14,False,"created_date: declared by the page, JSON-LD datePublished, live fetch 2026-09-11. modified_date: declared by the page, JSON-LD dateModified, live fetch 2026-09-11"
2026-09-11,ai_overview,saas,"we're using salesmartly for customer chat but its getting expensive. whats else is out there thats similar? small team, mostly whatsapp and instagram dms",7,https://www.inkl.com/news/best-multichannel-messaging-tools-for-whatsapp-messenger-and-instagram-customer-service-in-2026,https://www.inkl.com/news/best-multichannel-messaging-tools-for-whatsapp-messenger-and-instagram-customer-service-in-2026,2026-09-03,False,,False,"created_date: declared by the page, JSON-LD datePublished, live fetch 2026-09-11. modified_date: none — page declares no modified date; never archived by the Wayback Machine"
2026-09-11,ai_overview,saas,"we're using salesmartly for customer chat but its getting expensive. whats else is out there thats similar? small team, mostly whatsapp and instagram dms",8,https://omni24.io/best-customer-messaging-platforms,https://omni24.io/best-customer-messaging-platforms,2023-12-15,False,2026-08-06,False,"created_date: declared by the page, Open Graph article:published_time, live fetch 2026-09-11. modified_date: declared by the page, Open Graph article:modified_time, live fetch 2026-09-11"
2026-09-11,ai_overview,saas,"we're using salesmartly for customer chat but its getting expensive. whats else is out there thats similar? small team, mostly whatsapp and instagram dms",9,https://tiktokflow.nexoraai.ch/articles/best-instagram-dm-software,https://tiktokflow.nexoraai.ch/articles/best-instagram-dm-software,2026-07-11,False,2026-07-11,False,"created_date: declared by the page, Open Graph article:published_time, live fetch 2026-09-11. modified_date: declared by the page, Open Graph article:modified_time, live fetch 2026-09-11"
2026-09-11,ai_overview,saas,"we're using salesmartly for customer chat but its getting expensive. whats else is out there thats similar? small team, mostly whatsapp and instagram dms",10,https://dealism.ai/blog/best-whatsapp-marketing-tools-for-small-business-whatsapp-marketing-tools-guide,https://dealism.ai/blog/best-whatsapp-marketing-tools-for-small-business-whatsapp-marketing-tools-guide,2026-04-10,True,2026-06-26,True,"created_date: APPROXIMATE, upper bound — first Wayback Machine capture 2026-04-10; the page existed by then (1 monthly captures on record). modified_date: APPROXIMATE — article prose changed between the Wayback Machine capture of 2026-04-10 and the live page; midpoint reported, window 153 days, 1 captures compared"
2026-09-11,ai_overview,saas,"we're using salesmartly for customer chat but its getting expensive. whats else is out there thats similar? small team, mostly whatsapp and instagram dms",11,https://respond.io/blog/multichannel-communication,https://respond.io/blog/multichannel-communication,2025-09-04,False,2026-08-26,False,"created_date: declared by the page, JSON-LD datePublished, live fetch 2026-09-11. modified_date: declared by the page, JSON-LD dateModified, live fetch 2026-09-11"
2026-09-11,ai_overview,saas,"we're using salesmartly for customer chat but its getting expensive. whats else is out there thats similar? small team, mostly whatsapp and instagram dms",12,https://www.instagram.com/reel/Dc3h-JKKFyC/,https://www.instagram.com/reel/Dc3h-JKKFyC/,,False,,False,"platform page (Google surface, video or social); never states page dates; not checked"
2026-09-11,ai_overview,saas,"we're using salesmartly for customer chat but its getting expensive. whats else is out there thats similar? small team, mostly whatsapp and instagram dms",13,https://quickdm.app/blog/best-instagram-dm-automation-tools-free-and-paid,https://quickdm.app/blog/best-instagram-dm-automation-tools-free-and-paid,2026-04-13,False,2026-04-13,False,"created_date: declared by the page, Open Graph article:published_time, live fetch 2026-09-11. modified_date: declared by the page, JSON-LD dateModified, live fetch 2026-09-11"
2026-09-11,ai_overview,local_services,"best hairdressers In Shanghai
Where are they all
What is the cost for an haircut at each place",1,https://www.reddit.com/r/shanghai/comments/1meqoea/good_place_for_haircuts/,https://www.reddit.com/r/shanghai/comments/1meqoea/good_place_for_haircuts/,,False,,False,"platform page (Google surface, video or social); never states page dates; not checked"
2026-09-11,ai_overview,local_services,"best hairdressers In Shanghai
Where are they all
What is the cost for an haircut at each place",2,https://www.reddit.com/r/shanghai/comments/1h2b78o/quoted_2000_rmb_for_haircut_and_coloris_this/,https://www.reddit.com/r/shanghai/comments/1h2b78o/quoted_2000_rmb_for_haircut_and_coloris_this/,,False,,False,"platform page (Google surface, video or social); never states page dates; not checked"
2026-09-11,ai_overview,local_services,"best hairdressers In Shanghai
Where are they all
What is the cost for an haircut at each place",3,https://www.reddit.com/r/shanghai/comments/82fmuu/where_to_get_a_cheap_and_good_haircut_in_sh/,https://www.reddit.com/r/shanghai/comments/82fmuu/where_to_get_a_cheap_and_good_haircut_in_sh/,,False,,False,"platform page (Google surface, video or social); never states page dates; not checked"
2026-09-11,ai_overview,local_services,"best hairdressers In Shanghai
Where are they all
What is the cost for an haircut at each place",4,https://www.reddit.com/r/shanghai/comments/c4lil0/where_to_get_a_haircut/,https://www.reddit.com/r/shanghai/comments/c4lil0/where_to_get_a_haircut/,,False,,False,"platform page (Google surface, video or social); never states page dates; not checked"
2026-09-11,ai_overview,local_services,"best hairdressers In Shanghai
Where are they all
What is the cost for an haircut at each place",5,http://www.timeoutshanghai.com/features/Shopping__Style-Shopping__Style/43221/Shanghais-best-hair-salons.html,http://www.timeoutshanghai.com/features/Shopping__Style-Shopping__Style/43221/Shanghais-best-hair-salons.html,2017-04-17,True,2021-06-09,True,"created_date: APPROXIMATE, upper bound — first Wayback Machine capture 2017-04-17; the page existed by then (34 monthly captures on record). modified_date: APPROXIMATE — article prose changed between the Wayback Machine capture of 2021-01-28 and the Wayback capture of 2021-10-18; midpoint reported, window 263 days, 5 captures compared"
2026-09-11,ai_overview,local_services,"best hairdressers In Shanghai
Where are they all
What is the cost for an haircut at each place",6,https://www.echinacities.com/Shanghai/city-guide/Chop-Chop-Shanghais-Top-Hair-Salons,https://www.echinacities.com/Shanghai/city-guide/Chop-Chop-Shanghais-Top-Hair-Salons,2013-11-03,True,2020-07-11,True,"created_date: APPROXIMATE, upper bound — first Wayback Machine capture 2013-11-03; the page existed by then (9 monthly captures on record). modified_date: APPROXIMATE — article prose changed between the Wayback Machine capture of 2019-09-16 and the Wayback capture of 2021-05-06; midpoint reported, window 598 days, 3 captures compared"
2026-09-11,ai_overview,local_services,"best hairdressers In Shanghai
Where are they all
What is the cost for an haircut at each place",7,https://thetravelbugbite.com/2017/06/13/chinese-hair-salons-cheap-haircuts-pricey-hair-coloring/,https://thetravelbugbite.com/2017/06/13/chinese-hair-salons-cheap-haircuts-pricey-hair-coloring/,2017-06-13,False,2017-06-08,False,"created_date: declared by the page, Open Graph article:published_time, live fetch 2026-09-11. modified_date: declared by the page, Open Graph article:modified_time, live fetch 2026-09-11"
2026-09-11,ai_overview,local_services,"best hairdressers In Shanghai
Where are they all
What is the cost for an haircut at each place",8,https://www.smartshanghai.com/listings/beauty/hair_salon/,https://www.smartshanghai.com/listings/beauty/hair_salon/,2019-07-24,True,,False,"created_date: APPROXIMATE, upper bound — first Wayback Machine capture 2019-07-24; the page existed by then (35 monthly captures on record). modified_date: none — page declares no modified date; no extractable prose (JS-rendered, PDF or bot wall), so captures cannot be compared"
2026-09-11,ai_overview,shopping,"I want to buy a backpack for my toddler. Which brand do you recommend, regardless of price?",1,https://www.rookiemoms.com/my-very-strong-opinions-about-kids-backpacks/,https://www.rookiemoms.com/my-very-strong-opinions-about-kids-backpacks/,2026-05-19,False,2026-05-19,False,"created_date: declared by the page, Open Graph article:published_time, live fetch 2026-09-11. modified_date: declared by the page, Open Graph article:modified_time, live fetch 2026-09-11"
2026-09-11,ai_overview,shopping,"I want to buy a backpack for my toddler. Which brand do you recommend, regardless of price?",2,https://www.yournewfavoritestuff.com/kids-products/best-backpacks-for-kids,https://www.yournewfavoritestuff.com/kids-products/best-backpacks-for-kids,2026-07-09,False,2026-07-17,False,"created_date: declared by the page, JSON-LD datePublished, live fetch 2026-09-11. modified_date: declared by the page, JSON-LD dateModified, live fetch 2026-09-11"
2026-09-11,ai_overview,shopping,"I want to buy a backpack for my toddler. Which brand do you recommend, regardless of price?",3,https://www.reddit.com/r/Preschoolers/comments/1ex2e1z/whats_the_sweet_for_kids_backpack_sizes/,https://www.reddit.com/r/Preschoolers/comments/1ex2e1z/whats_the_sweet_for_kids_backpack_sizes/,,False,,False,"platform page (Google surface, video or social); never states page dates; not checked"
2026-09-11,ai_overview,shopping,"I want to buy a backpack for my toddler. Which brand do you recommend, regardless of price?",4,https://bebevoyage.com/best-backpacks-toddlers/,https://bebevoyage.com/best-backpacks-toddlers/,2018-02-05,False,2019-02-22,False,"created_date: declared in the Wayback Machine capture of 2019-09-16, Open Graph article:published_time; the live page no longer declares it. modified_date: declared in the Wayback Machine capture of 2019-09-16, Open Graph article:modified_time; the live page no longer declares it"
2026-09-11,ai_overview,shopping,"I want to buy a backpack for my toddler. Which brand do you recommend, regardless of price?",5,https://www.glamour.com/gallery/best-toddler-backpacks,https://www.glamour.com/gallery/best-toddler-backpacks,2023-08-07,False,2023-08-07,False,"created_date: declared by the page, Open Graph article:published_time, live fetch 2026-09-11. modified_date: declared by the page, Open Graph article:modified_time, live fetch 2026-09-11"
2026-09-11,ai_overview,shopping,"I want to buy a backpack for my toddler. Which brand do you recommend, regardless of price?",6,https://www.reddit.com/r/BabyBumpsandBeyondAu/comments/118oj1s/backpack_for_toddlers/,https://www.reddit.com/r/BabyBumpsandBeyondAu/comments/118oj1s/backpack_for_toddlers/,,False,,False,"platform page (Google surface, video or social); never states page dates; not checked"
2026-09-11,ai_overview,shopping,"I want to buy a backpack for my toddler. Which brand do you recommend, regardless of price?",7,https://nobackhome.com/the-best-kids-travel-backpack/,https://nobackhome.com/the-best-kids-travel-backpack/,2019-05-06,False,2023-05-23,False,"created_date: declared by the page, Open Graph article:published_time, live fetch 2026-09-11. modified_date: declared by the page, Open Graph article:modified_time, live fetch 2026-09-11"
2026-09-11,ai_overview,shopping,"I want to buy a backpack for my toddler. Which brand do you recommend, regardless of price?",8,"https://www.google.com/search?q=product&prds=pvt:hg,productid:5672130102543659743,catalogid:13123098176832524289,gpcid:12757922890886252599,mid:576462898563493805&ibp=oshop","https://www.google.com/search?q=product&prds=pvt:hg,productid:5672130102543659743,catalogid:13123098176832524289,gpcid:12757922890886252599,mid:576462898563493805&ibp=oshop",,False,,False,"platform page (Google surface, video or social); never states page dates; not checked"
2026-09-11,ai_overview,travel,"Найди мне информацию, сайт, ресурс, где описаны виа ферраты для новичков.",1,https://www.youtube.com/watch?v=QhdqD1I2aOs,https://www.youtube.com/watch?v=QhdqD1I2aOs,,False,,False,"platform page (Google surface, video or social); never states page dates; not checked"
2026-09-11,ai_overview,travel,"Найди мне информацию, сайт, ресурс, где описаны виа ферраты для новичков.",2,https://wildcrimea.com/blog/115-via-ferrata-v-krymu-na-ilyas-kaya,https://wildcrimea.com/blog/115-via-ferrata-v-krymu-na-ilyas-kaya,2022-07-06,True,2022-07-06,True,"created_date: APPROXIMATE, upper bound — first Wayback Machine capture 2022-07-06; the page existed by then (2 monthly captures on record). modified_date: APPROXIMATE, upper bound — article prose identical to the first Wayback Machine capture 2022-07-06; the last edit predates the archive"
2026-09-11,ai_overview,travel,"Найди мне информацию, сайт, ресурс, где описаны виа ферраты для новичков.",3,http://www.kombrig.net/viaferrata.htm,http://www.kombrig.net/viaferrata.htm,2005-02-18,True,2026-09-11,True,"created_date: APPROXIMATE, upper bound — first Wayback Machine capture 2005-02-18; the page existed by then (92 monthly captures on record). modified_date: APPROXIMATE — rotating listing (directory, route or deals page); entries differ under every Wayback capture, so treated as updated at the run date"
2026-09-11,ai_overview,travel,"Найди мне информацию, сайт, ресурс, где описаны виа ферраты для новичков.",4,https://sport-marafon.ru/article/chto-takoe-via-ferrata/,https://sport-marafon.ru/article/chto-takoe-via-ferrata/,2022-07-05,True,,False,"created_date: APPROXIMATE, upper bound — first Wayback Machine capture 2022-07-05; the page existed by then (6 monthly captures on record). modified_date: none — page declares no modified date; no extractable prose (JS-rendered, PDF or bot wall), so captures cannot be compared"
2026-09-11,ai_overview,travel,"Найди мне информацию, сайт, ресурс, где описаны виа ферраты для новичков.",5,https://www.visittrentino.info/ru/articles/progulki-i-ekskursii/via-ferrata-nizkaya-vysota,https://www.visittrentino.info/ru/articles/progulki-i-ekskursii/via-ferrata-nizkaya-vysota,2025-01-17,False,2026-02-25,False,"created_date: declared by the page, JSON-LD datePublished, live fetch 2026-09-11. modified_date: declared by the page, JSON-LD dateModified, live fetch 2026-09-11"
2026-09-11,ai_overview,travel,"Найди мне информацию, сайт, ресурс, где описаны виа ферраты для новичков.",6,https://www.mammut.com/int/en/stories-guides/what-is-via-ferrata-beginners-guide,https://www.mammut.com/int/en/stories-guides/what-is-via-ferrata-beginners-guide,,False,,False,created_date: none — never archived by the Wayback Machine. modified_date: none — page declares no modified date; never archived by the Wayback Machine
2026-09-11,ai_overview,travel,"Найди мне информацию, сайт, ресурс, где описаны виа ферраты для новичков.",7,https://www.wildrussia.travel/blogs/ferrata-8-sovetov-novichkam-ili-vse-chto-vy-hoteli-znat-o-ferrata-no-stesnyalis-sprosit,https://www.wildrussia.travel/blogs/ferrata-8-sovetov-novichkam-ili-vse-chto-vy-hoteli-znat-o-ferrata-no-stesnyalis-sprosit,2019-08-18,True,2019-08-18,True,"created_date: APPROXIMATE, upper bound — first Wayback Machine capture 2019-08-18; the page existed by then (22 monthly captures on record). modified_date: APPROXIMATE, upper bound — article prose identical to the first Wayback Machine capture 2019-08-18; the last edit predates the archive"
2026-09-11,ai_overview,travel,"Найди мне информацию, сайт, ресурс, где описаны виа ферраты для новичков.",8,https://www.reddit.com/r/viaferrata/comments/1h8of5i/is_there_a_good_site_to_help_plan_via_ferrata/?tl=ru,https://www.reddit.com/r/viaferrata/comments/1h8of5i/is_there_a_good_site_to_help_plan_via_ferrata/?tl=ru,,False,,False,"platform page (Google surface, video or social); never states page dates; not checked"
2026-09-11,ai_overview,travel,"Найди мне информацию, сайт, ресурс, где описаны виа ферраты для новичков.",9,https://www.visittrentino.info/ru/articles/progulki-i-ekskursii/via-ferrata,https://www.visittrentino.info/ru/articles/progulki-i-ekskursii/via-ferrata,2019-05-29,False,2023-05-31,False,"created_date: declared by the page, JSON-LD datePublished, live fetch 2026-09-11. modified_date: declared by the page, JSON-LD dateModified, live fetch 2026-09-11"
2026-09-11,ai_overview,travel,"Найди мне информацию, сайт, ресурс, где описаны виа ферраты для новичков.",10,https://www.medvedtravel.com/viaferrates,https://www.medvedtravel.com/viaferrates,2025-05-21,True,2025-05-21,True,"created_date: APPROXIMATE, upper bound — first Wayback Machine capture 2025-05-21; the page existed by then (3 monthly captures on record). modified_date: APPROXIMATE, upper bound — article prose identical to the first Wayback Machine capture 2025-05-21; the last edit predates the archive"
2026-09-11,ai_overview,travel,"Найди мне информацию, сайт, ресурс, где описаны виа ферраты для новичков.",11,https://ru.wikiloc.com/marshruty/via-ferrata,https://ru.wikiloc.com/marshruty/via-ferrata,2013-06-09,True,,False,"created_date: APPROXIMATE, upper bound — first Wayback Machine capture 2013-06-09; the page existed by then (23 monthly captures on record). modified_date: none — page declares no modified date; live fetch refused and no recent Wayback capture to stand in"
2026-09-11,ai_overview,travel,"Найди мне информацию, сайт, ресурс, где описаны виа ферраты для новичков.",12,https://4sport.ua/articles?id=25437,https://4sport.ua/articles?id=25437,2019-07-19,True,2022-11-28,True,"created_date: APPROXIMATE, upper bound — first Wayback Machine capture 2019-07-19; the page existed by then (10 monthly captures on record). modified_date: APPROXIMATE — article prose changed between the Wayback Machine capture of 2022-08-14 and the Wayback capture of 2023-03-13; midpoint reported, window 210 days, 3 captures compared"
2026-09-11,ai_overview,travel,"Найди мне информацию, сайт, ресурс, где описаны виа ферраты для новичков.",13,https://ferrataguide.com/,https://ferrataguide.com/,2021-06-04,True,,False,"created_date: APPROXIMATE, upper bound — first Wayback Machine capture 2021-06-04; the page existed by then (17 monthly captures on record). modified_date: none — page declares no modified date; no extractable prose (JS-rendered, PDF or bot wall), so captures cannot be compared"
2026-09-11,ai_overview,travel,"Найди мне информацию, сайт, ресурс, где описаны виа ферраты для новичков.",14,https://ferrataguide.com/pl/ferratas,https://ferrataguide.com/pl/ferratas,,False,,False,created_date: none — never archived by the Wayback Machine. modified_date: none — page declares no modified date; never archived by the Wayback Machine
2026-09-11,ai_overview,saas,whats the best hosted vm service for running automated test suites? i need to spin up browsers and run selenium tests without managing the infra myself,1,https://www.youtube.com/watch?v=n0ipIP_gNHM,https://www.youtube.com/watch?v=n0ipIP_gNHM,,False,,False,"platform page (Google surface, video or social); never states page dates; not checked"
2026-09-11,ai_overview,saas,whats the best hosted vm service for running automated test suites? i need to spin up browsers and run selenium tests without managing the infra myself,2,https://getautonoma.com/blog/self-hosted-e2e-testing-platform,https://getautonoma.com/blog/self-hosted-e2e-testing-platform,2026-05-14,False,2026-05-14,False,"created_date: declared by the page, Open Graph article:published_time, live fetch 2026-09-11. modified_date: declared by the page, JSON-LD dateModified, live fetch 2026-09-11"
2026-09-11,ai_overview,saas,whats the best hosted vm service for running automated test suites? i need to spin up browsers and run selenium tests without managing the infra myself,3,https://www.youtube.com/watch?v=WwiNZZA0q8o&t=13,https://www.youtube.com/watch?v=WwiNZZA0q8o&t=13,,False,,False,"platform page (Google surface, video or social); never states page dates; not checked"
2026-09-11,ai_overview,saas,whats the best hosted vm service for running automated test suites? i need to spin up browsers and run selenium tests without managing the infra myself,4,https://www.youtube.com/watch?v=cD3MNb9f--w&t=501,https://www.youtube.com/watch?v=cD3MNb9f--w&t=501,,False,,False,"platform page (Google surface, video or social); never states page dates; not checked"
2026-09-11,ai_overview,saas,what is the best free ai music generator right now?,1,https://www.reddit.com/r/MusicNotes/comments/1pd3vgm/whats_the_best_ai_music_generator_reddit_vote/,https://www.reddit.com/r/MusicNotes/comments/1pd3vgm/whats_the_best_ai_music_generator_reddit_vote/,,False,,False,"platform page (Google surface, video or social); never states page dates; not checked"
2026-09-11,ai_overview,saas,what is the best free ai music generator right now?,2,https://www.youtube.com/watch?v=4jUo865yXEo&vl=en&t=189,https://www.youtube.com/watch?v=4jUo865yXEo&vl=en&t=189,,False,,False,"platform page (Google surface, video or social); never states page dates; not checked"
2026-09-11,ai_overview,saas,what is the best free ai music generator right now?,3,https://rewind.ai/best/music-generator/,https://rewind.ai/best/music-generator/,,False,,False,created_date: none — never archived by the Wayback Machine. modified_date: none — page declares no modified date; never archived by the Wayback Machine
2026-09-11,ai_overview,local_services,amazon content optimization agency,1,https://www.reddit.com/r/Amazonsellercentral/comments/1mx8poc/whats_the_best_amazon_agency_youve_partnered_with/,https://www.reddit.com/r/Amazonsellercentral/comments/1mx8poc/whats_the_best_amazon_agency_youve_partnered_with/,,False,,False,"platform page (Google surface, video or social); never states page dates; not checked"
2026-09-11,ai_overview,local_services,amazon content optimization agency,2,https://netpeak.us/services/amazon-listing-optimization/,https://netpeak.us/services/amazon-listing-optimization/,2025-02-15,True,2025-04-02,True,"created_date: APPROXIMATE, upper bound — first Wayback Machine capture 2025-02-15; the page existed by then (8 monthly captures on record). modified_date: APPROXIMATE — article prose changed between the Wayback Machine capture of 2025-02-15 and the Wayback capture of 2025-05-18; midpoint reported, window 91 days, 3 captures compared"
2026-09-11,ai_overview,local_services,amazon content optimization agency,3,https://myamazonguy.com/services/listing-optimization/,https://myamazonguy.com/services/listing-optimization/,2022-03-21,False,2026-07-30,False,"created_date: declared by the page, Open Graph article:published_time, live fetch 2026-09-11. modified_date: declared by the page, Open Graph article:modified_time, live fetch 2026-09-11"
2026-09-11,ai_overview,local_services,amazon content optimization agency,4,https://xneeti.com/blog/amazon-listing-optimization-agencies,https://xneeti.com/blog/amazon-listing-optimization-agencies,2026-05-15,False,,False,"created_date: declared by the page, JSON-LD datePublished, live fetch 2026-09-11. modified_date: none — page declares no modified date; never archived by the Wayback Machine"
2026-09-11,ai_overview,local_services,amazon content optimization agency,5,https://www.velocitysellers.com/2025/12/29/amazon-listing-optimization-agency/,https://www.velocitysellers.com/2025/12/29/amazon-listing-optimization-agency/,2025-12-29,False,2025-12-29,False,"created_date: declared by the page, Open Graph article:published_time, live fetch 2026-09-11. modified_date: declared by the page, Open Graph article:modified_time, live fetch 2026-09-11"
2026-09-11,ai_overview,local_services,amazon content optimization agency,6,https://thriveagency.com/digital-marketing-services/amazon-seo-services/,https://thriveagency.com/digital-marketing-services/amazon-seo-services/,,False,2026-06-09,False,"created_date: none — page declares no publish date; not archived. modified_date: declared by the page, Open Graph article:modified_time, live fetch 2026-09-11"
2026-09-11,ai_overview,local_services,amazon content optimization agency,7,https://myamazonguy.com/amazon-agency/top-amazon-seo-agencies/,https://myamazonguy.com/amazon-agency/top-amazon-seo-agencies/,2025-12-11,False,2026-08-20,False,"created_date: declared by the page, JSON-LD datePublished, live fetch 2026-09-11. modified_date: declared by the page, Open Graph og:updated_time, live fetch 2026-09-11"
2026-09-11,ai_overview,local_services,amazon content optimization agency,8,https://salesduo.com/blog/amazon-seo-pricing/,https://salesduo.com/blog/amazon-seo-pricing/,2026-09-10,False,2026-09-10,False,"created_date: declared by the page, JSON-LD datePublished, live fetch 2026-09-11. modified_date: declared by the page, JSON-LD dateModified, live fetch 2026-09-11"
2026-09-11,ai_overview,local_services,what are my options for booking home cleaning services in bengaluru for tomorrow?,1,https://www.urbancompany.com/bangalore-professional-home-cleaning,https://www.urbancompany.com/bangalore-professional-home-cleaning,2020-09-19,True,2026-09-01,True,"created_date: APPROXIMATE, upper bound — first Wayback Machine capture 2020-09-19; the page existed by then (18 monthly captures on record). modified_date: APPROXIMATE — article prose changed between the Wayback Machine capture of 2026-08-23 and the live page; midpoint reported, window 18 days, 5 captures compared"
2026-09-11,ai_overview,local_services,what are my options for booking home cleaning services in bengaluru for tomorrow?,2,https://www.nobroker.in/cleaning-services-in-bangalore,https://www.nobroker.in/cleaning-services-in-bangalore,2020-04-28,True,2026-07-09,True,"created_date: APPROXIMATE, upper bound — first Wayback Machine capture 2020-04-28; the page existed by then (17 monthly captures on record). modified_date: APPROXIMATE — article prose changed between the Wayback Machine capture of 2026-05-13 and the Wayback capture of 2026-09-05; midpoint reported, window 115 days, 5 captures compared"
2026-09-11,ai_overview,local_services,what are my options for booking home cleaning services in bengaluru for tomorrow?,3,https://www.vijayhomeservices.com/services/occupied-home-deep-cleaning-in-bangalore,https://www.vijayhomeservices.com/services/occupied-home-deep-cleaning-in-bangalore,2024-12-06,True,,False,"created_date: APPROXIMATE, upper bound — first Wayback Machine capture 2024-12-06; the page existed by then (1 monthly captures on record). modified_date: none — only an HTTP Last-Modified header (deploy time, not an edit); no extractable prose (JS-rendered, PDF or bot wall), so captures cannot be compared"
2026-09-11,ai_overview,local_services,what are my options for booking home cleaning services in bengaluru for tomorrow?,4,https://www.instagram.com/p/DZLtiqODPXS/,https://www.instagram.com/p/DZLtiqODPXS/,,False,,False,"platform page (Google surface, video or social); never states page dates; not checked"
2026-09-11,ai_overview,local_services,what are my options for booking home cleaning services in bengaluru for tomorrow?,5,https://www.snabbit.com/house-help/bangalore,https://www.snabbit.com/house-help/bangalore,2026-03-30,False,2026-09-11,True,"created_date: declared in the Wayback Machine capture of 2026-04-12, JSON-LD datePublished; the live page no longer declares it. modified_date: APPROXIMATE — rotating listing (directory, route or deals page); entries differ under every Wayback capture, so treated as updated at the run date"
2026-09-11,ai_overview,local_services,what are my options for booking home cleaning services in bengaluru for tomorrow?,6,https://www.instagram.com/reel/DTDHBnlk4eK/,https://www.instagram.com/reel/DTDHBnlk4eK/,,False,,False,"platform page (Google surface, video or social); never states page dates; not checked"
2026-09-11,ai_overview,travel,my wife has soon her Birthday we live in Durbach what can i do to surprise her,1,https://www.google.com/searchviewer/10?svid=CAwSGxIZCgNwdnESEkNnc3ZaeTh4TWpGemQzcDNaQRgK,https://www.google.com/searchviewer/10?svid=CAwSGxIZCgNwdnESEkNnc3ZaeTh4TWpGemQzcDNaQRgK,,False,,False,"platform page (Google surface, video or social); never states page dates; not checked"
2026-09-11,ai_overview,travel,my wife has soon her Birthday we live in Durbach what can i do to surprise her,2,https://www.google.com/searchviewer/10?svid=CAwSHRIbCgNwdnESFENnMHZaeTh4TVdJM2NUWm1hbDluGAo,https://www.google.com/searchviewer/10?svid=CAwSHRIbCgNwdnESFENnMHZaeTh4TVdJM2NUWm1hbDluGAo,,False,,False,"platform page (Google surface, video or social); never states page dates; not checked"
2026-09-11,ai_overview,travel,my wife has soon her Birthday we live in Durbach what can i do to surprise her,3,https://www.google.com/searchviewer/10?svid=CAwSGxIZCgNwdnESEkNnc3ZaeTh4ZEdzeU1YZGphdxgK,https://www.google.com/searchviewer/10?svid=CAwSGxIZCgNwdnESEkNnc3ZaeTh4ZEdzeU1YZGphdxgK,,False,,False,"platform page (Google surface, video or social); never states page dates; not checked"
2026-09-11,ai_overview,travel,my wife has soon her Birthday we live in Durbach what can i do to surprise her,4,https://www.google.com/searchviewer/10?svid=CAwSGxIZCgNwdnESEkNnc3ZaeTh4ZEhKak0zaGpiZxgK,https://www.google.com/searchviewer/10?svid=CAwSGxIZCgNwdnESEkNnc3ZaeTh4ZEhKak0zaGpiZxgK,,False,,False,"platform page (Google surface, video or social); never states page dates; not checked"
2026-09-11,ai_overview,travel,my wife has soon her Birthday we live in Durbach what can i do to surprise her,5,https://www.google.com/searchviewer/10?svid=CAwSHBIaCgNwdnESE0Nnd3ZaeTh4TVROb2VuSmllVEEYCg,https://www.google.com/searchviewer/10?svid=CAwSHBIaCgNwdnESE0Nnd3ZaeTh4TVROb2VuSmllVEEYCg,,False,,False,"platform page (Google surface, video or social); never states page dates; not checked"
2026-09-11,ai_overview,finance,"which ETFs provide the best exposure to companies that provide infrastructure for data centers,",1,https://money.usnews.com/investing/articles/best-data-center-stocks,https://money.usnews.com/investing/articles/best-data-center-stocks,2024-08-16,False,2024-08-16,False,"created_date: declared in the Wayback Machine capture of 2024-08-31, JSON-LD datePublished; the live page no longer declares it. modified_date: declared in the Wayback Machine capture of 2024-08-31, JSON-LD dateModified; the live page no longer declares it"
2026-09-11,ai_overview,finance,"which ETFs provide the best exposure to companies that provide infrastructure for data centers,",2,https://www.globalxetfs.com/funds/dtcr,https://www.globalxetfs.com/funds/dtcr,2024-04-15,True,2025-12-26,True,"created_date: APPROXIMATE, upper bound — first Wayback Machine capture 2024-04-15; the page existed by then (16 monthly captures on record). modified_date: APPROXIMATE — article prose changed between the Wayback Machine capture of 2025-11-11 and the Wayback capture of 2026-02-08; midpoint reported, window 88 days, 4 captures compared"
2026-09-11,ai_overview,finance,"which ETFs provide the best exposure to companies that provide infrastructure for data centers,",3,https://www.paceretfs.com/resources/resource-library/investing-in-the-data-center-ecosystem,https://www.paceretfs.com/resources/resource-library/investing-in-the-data-center-ecosystem,,False,,False,"created_date: none — never archived by the Wayback Machine. modified_date: none — only an HTTP Last-Modified header (deploy time, not an edit); never archived by the Wayback Machine"
2026-09-11,ai_overview,finance,"which ETFs provide the best exposure to companies that provide infrastructure for data centers,",4,https://www.vaneck.com/us/en/blogs/thematic-investing/rack-the-building-block-of-the-ai-infrastructure-boom/,https://www.vaneck.com/us/en/blogs/thematic-investing/rack-the-building-block-of-the-ai-infrastructure-boom/,2026-06-02,False,2026-09-02,False,"created_date: declared in the Wayback Machine capture of 2026-06-11, Open Graph article:published_time; the live page no longer declares it. modified_date: declared by the page, JSON-LD dateModified, fetched through a residential proxy on a later day after the direct fetch was refused"
2026-09-11,ai_overview,finance,"which ETFs provide the best exposure to companies that provide infrastructure for data centers,",5,https://www.datacenterknowledge.com/investing/data-center-etfs-an-introductory-guide-to-boosting-your-portfolio,https://www.datacenterknowledge.com/investing/data-center-etfs-an-introductory-guide-to-boosting-your-portfolio,2024-07-25,False,2025-04-07,False,"created_date: declared by the page, JSON-LD datePublished, live fetch 2026-09-11. modified_date: declared by the page, JSON-LD dateModified, live fetch 2026-09-11"
2026-09-11,ai_overview,finance,"which ETFs provide the best exposure to companies that provide infrastructure for data centers,",6,https://etfdb.com/etfs/industry/internet-infrastructure/,https://etfdb.com/etfs/industry/internet-infrastructure/,2019-08-18,True,2026-06-02,True,"created_date: APPROXIMATE, upper bound — first Wayback Machine capture 2019-08-18; the page existed by then (13 monthly captures on record). modified_date: APPROXIMATE — article prose changed between the Wayback Machine capture of 2026-02-21 and the live page; midpoint reported, window 201 days, 4 captures compared"
2026-09-11,ai_overview,finance,"which ETFs provide the best exposure to companies that provide infrastructure for data centers,",7,https://tickeron.com/trading-investing-101/the-data-center-power-boom-10-stocks-and-10-etfs-positioned-for-the-ai-infrastructure-supercycle/,https://tickeron.com/trading-investing-101/the-data-center-power-boom-10-stocks-and-10-etfs-positioned-for-the-ai-infrastructure-supercycle/,2026-04-15,False,2026-04-15,False,"created_date: declared by the page, JSON-LD datePublished, live fetch 2026-09-11. modified_date: declared by the page, JSON-LD dateModified, live fetch 2026-09-11"
2026-09-11,ai_overview,finance,"which ETFs provide the best exposure to companies that provide infrastructure for data centers,",8,https://finance.yahoo.com/technology/articles/ai-data-center-boom-bigger-123500521.html,https://finance.yahoo.com/technology/articles/ai-data-center-boom-bigger-123500521.html,2026-07-17,False,2026-07-17,False,"created_date: declared by the page, JSON-LD datePublished, live fetch 2026-09-11. modified_date: declared by the page, JSON-LD dateModified, live fetch 2026-09-11"
2026-09-11,ai_overview,saas,compare the price of using chatgpt between web interface and api,1,https://community.openai.com/t/api-vs-20-month-subscription-for-those-who-use-chatgpt-as-an-assistant-webmasters-programmers-seo-specialists/695940,https://community.openai.com/t/api-vs-20-month-subscription-for-those-who-use-chatgpt-as-an-assistant-webmasters-programmers-seo-specialists/695940,2024-03-24,False,2024-03-24,False,"created_date: declared by the page, Open Graph article:published_time, live fetch 2026-09-11. modified_date: declared by the page, JSON-LD dateModified, live fetch 2026-09-11"
2026-09-11,ai_overview,saas,compare the price of using chatgpt between web interface and api,2,https://community.openai.com/t/did-you-compare-the-cost-of-using-a-gpt-plus-subscription-and-just-use-gpt-by-api/578397,https://community.openai.com/t/did-you-compare-the-cost-of-using-a-gpt-plus-subscription-and-just-use-gpt-by-api/578397,2024-01-05,False,2024-01-05,False,"created_date: declared by the page, Open Graph article:published_time, live fetch 2026-09-11. modified_date: declared by the page, JSON-LD dateModified, live fetch 2026-09-11"
2026-09-11,ai_overview,saas,compare the price of using chatgpt between web interface and api,3,https://www.reddit.com/r/ChatGPTCoding/comments/1dlne4f/why_do_you_use_api_over_the_browser_interface/,https://www.reddit.com/r/ChatGPTCoding/comments/1dlne4f/why_do_you_use_api_over_the_browser_interface/,,False,,False,"platform page (Google surface, video or social); never states page dates; not checked"
2026-09-11,ai_overview,saas,compare the price of using chatgpt between web interface and api,4,https://www.reddit.com/r/ChatGPTPro/comments/14yjjb3/gpt_api_vs_pro_subscription_cost_effective/,https://www.reddit.com/r/ChatGPTPro/comments/14yjjb3/gpt_api_vs_pro_subscription_cost_effective/,,False,,False,"platform page (Google surface, video or social); never states page dates; not checked"
2026-09-11,ai_overview,saas,compare the price of using chatgpt between web interface and api,5,https://www.reddit.com/r/ChatGPT/comments/13enu5n/exploring_costeffectiveness_gpt4_api_vs_chatgpt/,https://www.reddit.com/r/ChatGPT/comments/13enu5n/exploring_costeffectiveness_gpt4_api_vs_chatgpt/,,False,,False,"platform page (Google surface, video or social); never states page dates; not checked"
2026-09-11,ai_overview,saas,compare the price of using chatgpt between web interface and api,6,https://aionx.co/chatgpt-reviews/chatgpt-plus-vs-api-which-to-choose/,https://aionx.co/chatgpt-reviews/chatgpt-plus-vs-api-which-to-choose/,2026-02-26,False,2026-09-03,False,"created_date: declared by the page, Open Graph article:published_time, live fetch 2026-09-11. modified_date: declared by the page, Open Graph article:modified_time, live fetch 2026-09-11"
2026-09-11,ai_overview,saas,compare the price of using chatgpt between web interface and api,7,https://community.openai.com/t/the-difference-between-openai-api-and-the-website-chatgpt-version/1236897,https://community.openai.com/t/the-difference-between-openai-api-and-the-website-chatgpt-version/1236897,2025-04-21,False,2025-04-21,False,"created_date: declared by the page, Open Graph article:published_time, live fetch 2026-09-11. modified_date: declared by the page, JSON-LD dateModified, live fetch 2026-09-11"
2026-09-11,ai_overview,saas,compare the price of using chatgpt between web interface and api,8,https://www.bensbites.com/p/chatgpt-vs-openai-api-differences-explained,https://www.bensbites.com/p/chatgpt-vs-openai-api-differences-explained,2025-02-13,False,2025-04-21,False,"created_date: declared by the page, JSON-LD datePublished, live fetch 2026-09-11. modified_date: declared by the page, Open Graph article:modified_time, live fetch 2026-09-11"
2026-09-11,ai_overview,saas,compare the price of using chatgpt between web interface and api,9,https://www.reddit.com/r/OpenAI/comments/13hqtym/why_should_the_average_user_buy_chatgpt_premium/,https://www.reddit.com/r/OpenAI/comments/13hqtym/why_should_the_average_user_buy_chatgpt_premium/,,False,,False,"platform page (Google surface, video or social); never states page dates; not checked"
2026-09-11,ai_overview,saas,compare the price of using chatgpt between web interface and api,10,https://docs.bswen.com/blog/2026-02-22-chatgpt-api-vs-subscription/,https://docs.bswen.com/blog/2026-02-22-chatgpt-api-vs-subscription/,,False,,False,"created_date: none — never archived by the Wayback Machine. modified_date: none — only an HTTP Last-Modified header (deploy time, not an edit); never archived by the Wayback Machine"
2026-09-11,ai_overview,travel,"cheapest time to buy a return ticket from europe to Beijing
how much is the ticket from brussels to beijing",1,https://www.skyscanner.com/routes/brus/bjsa/brussels-to-beijing.html,https://www.skyscanner.com/routes/brus/bjsa/brussels-to-beijing.html,,False,,False,"created_date: none — never archived by the Wayback Machine. modified_date: none — only an HTTP Last-Modified header (deploy time, not an edit); never archived by the Wayback Machine"
2026-09-11,ai_overview,travel,"cheapest time to buy a return ticket from europe to Beijing
how much is the ticket from brussels to beijing",2,https://www.trip.com/hot/flight-time-from-brussels-to-beijing/,https://www.trip.com/hot/flight-time-from-brussels-to-beijing/,,False,,False,created_date: none — never archived by the Wayback Machine. modified_date: none — page declares no modified date; never archived by the Wayback Machine
2026-09-11,ai_overview,travel,"cheapest time to buy a return ticket from europe to Beijing
how much is the ticket from brussels to beijing",3,https://www.lufthansa.com/lhg/be/en/o-d/cy-cy/brussels-beijing,https://www.lufthansa.com/lhg/be/en/o-d/cy-cy/brussels-beijing,,False,,False,created_date: none — never archived by the Wayback Machine. modified_date: none — page declares no modified date; never archived by the Wayback Machine
2026-09-11,ai_overview,travel,"cheapest time to buy a return ticket from europe to Beijing
how much is the ticket from brussels to beijing",4,https://www.brusselsairlines.com/lhg/be/en/o-d/cy-cy/brussels-beijing,https://www.brusselsairlines.com/lhg/be/en/o-d/cy-cy/brussels-beijing,2025-10-09,True,,False,"created_date: APPROXIMATE, upper bound — first Wayback Machine capture 2025-10-09; the page existed by then (1 monthly captures on record). modified_date: none — page declares no modified date; live fetch refused and no recent Wayback capture to stand in"
2026-09-11,ai_overview,travel,"cheapest time to buy a return ticket from europe to Beijing
how much is the ticket from brussels to beijing",5,https://www.skyscanner.com/flights-to/bjsa/cheap-flights-to-beijing.html,https://www.skyscanner.com/flights-to/bjsa/cheap-flights-to-beijing.html,2010-05-29,True,,False,"created_date: APPROXIMATE, upper bound — first Wayback Machine capture 2010-05-29; the page existed by then (19 monthly captures on record). modified_date: none — only an HTTP Last-Modified header (deploy time, not an edit); every Wayback capture was thin or in another language"
2026-09-11,ai_overview,travel,"cheapest time to buy a return ticket from europe to Beijing
how much is the ticket from brussels to beijing",6,https://www.kayak.com/flight-routes/Brussels-Bruxelles-National-BRU/Beijing-BJS,https://www.kayak.com/flight-routes/Brussels-Bruxelles-National-BRU/Beijing-BJS,2023-12-16,True,2026-09-11,True,"created_date: APPROXIMATE, upper bound — first Wayback Machine capture 2023-12-16; the page existed by then (1 monthly captures on record). modified_date: APPROXIMATE — rotating listing (directory, route or deals page); entries differ under every Wayback capture, so treated as updated at the run date"
2026-09-11,ai_overview,travel,"cheapest time to buy a return ticket from europe to Beijing
how much is the ticket from brussels to beijing",7,https://www.facebook.com/groups/chinatravelguidevisa/posts/2723990544453938/,https://www.facebook.com/groups/chinatravelguidevisa/posts/2723990544453938/,,False,,False,"platform page (Google surface, video or social); never states page dates; not checked"
2026-09-11,ai_overview,travel,"cheapest time to buy a return ticket from europe to Beijing
how much is the ticket from brussels to beijing",8,https://hellochinatrip.com/what-is-the-cheapest-month-to-travel-to-china/,https://hellochinatrip.com/what-is-the-cheapest-month-to-travel-to-china/,2025-03-26,False,2026-06-06,False,"created_date: declared by the page, Open Graph article:published_time, live fetch 2026-09-11. modified_date: declared by the page, Open Graph article:modified_time, live fetch 2026-09-11"
2026-09-11,ai_overview,travel,"cheapest time to buy a return ticket from europe to Beijing
how much is the ticket from brussels to beijing",9,https://www.kayak.com/flight-routes/United-States-US0/Beijing-BJS,https://www.kayak.com/flight-routes/United-States-US0/Beijing-BJS,2014-12-27,True,2026-09-11,True,"created_date: APPROXIMATE, upper bound — first Wayback Machine capture 2014-12-27; the page existed by then (25 monthly captures on record). modified_date: APPROXIMATE — rotating listing (directory, route or deals page); entries differ under every Wayback capture, so treated as updated at the run date"
2026-09-11,ai_overview,travel,"cheapest time to buy a return ticket from europe to Beijing
how much is the ticket from brussels to beijing",10,https://www.google.com/travel/flights?tfs=CCwQAhopEgoyMDI2LTA5LTE3ag0IAxIJL20vMDJybmJ2cgwIAxIIL20vMDE5MTQaKRIKMjAyNi0xMC0wM2oMCAMSCC9tLzAxOTE0cg0IAxIJL20vMDJybmJ2SAFSA1VTRHpoQ2pSSWNGVXpaa1JuTW1kM2IxRkJTR0pGZFZGQ1J5MHRMUzB0TFMwdExYZGlZbVp5T0VGQlFVRkJSM0ZyVGxVNFN6VnVWbk5CRWdOalNGVWFDd2k4cXdRUUFob0RWVk5FT0ROd3ZLc0U&curr=USD&hl=en-US&gl=US,https://www.google.com/travel/flights?tfs=CCwQAhopEgoyMDI2LTA5LTE3ag0IAxIJL20vMDJybmJ2cgwIAxIIL20vMDE5MTQaKRIKMjAyNi0xMC0wM2oMCAMSCC9tLzAxOTE0cg0IAxIJL20vMDJybmJ2SAFSA1VTRHpoQ2pSSWNGVXpaa1JuTW1kM2IxRkJTR0pGZFZGQ1J5MHRMUzB0TFMwdExYZGlZbVp5T0VGQlFVRkJSM0ZyVGxVNFN6VnVWbk5CRWdOalNGVWFDd2k4cXdRUUFob0RWVk5FT0ROd3ZLc0U&curr=USD&hl=en-US&gl=US,,False,,False,"platform page (Google surface, video or social); never states page dates; not checked"
2026-09-11,ai_overview,saas,what law enforcement mental wellness apps are out there,1,https://cops.usdoj.gov/lemhwa,https://cops.usdoj.gov/lemhwa,2019-04-05,True,2026-07-14,True,"created_date: APPROXIMATE, upper bound — first Wayback Machine capture 2019-04-05; the page existed by then (65 monthly captures on record). modified_date: APPROXIMATE — article prose changed between the Wayback Machine capture of 2026-05-17 and the live page; midpoint reported, window 116 days, 7 captures compared"
2026-09-11,ai_overview,saas,what law enforcement mental wellness apps are out there,2,https://www.rti.org/impact/assessing-access-mental-health-software-applications-law-enforcement-officers,https://www.rti.org/impact/assessing-access-mental-health-software-applications-law-enforcement-officers,2023-12-05,True,2023-12-05,True,"created_date: APPROXIMATE, upper bound — first Wayback Machine capture 2023-12-05; the page existed by then (8 monthly captures on record). modified_date: APPROXIMATE, upper bound — article prose identical to the first Wayback Machine capture 2023-12-05; the last edit predates the archive"
2026-09-11,ai_overview,saas,what law enforcement mental wellness apps are out there,3,https://www.powerdms.com/policy-learning-center/enhance-law-enforcement-wellness-program-wellbeing-app,https://www.powerdms.com/policy-learning-center/enhance-law-enforcement-wellness-program-wellbeing-app,2022-08-24,False,2025-08-11,False,"created_date: declared by the page, JSON-LD datePublished, live fetch 2026-09-11. modified_date: declared by the page, JSON-LD dateModified, live fetch 2026-09-11"
2026-09-11,ai_overview,saas,what law enforcement mental wellness apps are out there,4,https://stackbench.com/law-enforcement-mental-health,https://stackbench.com/law-enforcement-mental-health,2024-11-13,True,2024-11-13,True,"created_date: APPROXIMATE, upper bound — first Wayback Machine capture 2024-11-13; the page existed by then (3 monthly captures on record). modified_date: APPROXIMATE, upper bound — article prose identical to the first Wayback Machine capture 2024-11-13; the last edit predates the archive"
2026-09-11,ai_overview,saas,what law enforcement mental wellness apps are out there,5,https://www.powerdms.com/policy-learning-center/improve-officer-wellness-law-enforcement-app-wellbeing,https://www.powerdms.com/policy-learning-center/improve-officer-wellness-law-enforcement-app-wellbeing,2022-08-24,False,2025-08-11,False,"created_date: declared by the page, JSON-LD datePublished, live fetch 2026-09-11. modified_date: declared by the page, JSON-LD dateModified, live fetch 2026-09-11"
2026-09-11,ai_overview,saas,what law enforcement mental wellness apps are out there,6,https://theguideapp.com/industries/law-enforcement/,https://theguideapp.com/industries/law-enforcement/,2025-05-01,False,2025-06-02,False,"created_date: declared by the page, Open Graph article:published_time, live fetch 2026-09-11. modified_date: declared by the page, Open Graph article:modified_time, live fetch 2026-09-11"
2026-09-11,ai_overview,saas,what law enforcement mental wellness apps are out there,7,https://intime.com/industries/police/top-5-police-wellness-resources/,https://intime.com/industries/police/top-5-police-wellness-resources/,2022-12-01,False,2023-01-19,False,"created_date: declared by the page, Open Graph article:published_time, live fetch 2026-09-11. modified_date: declared by the page, Open Graph article:modified_time, live fetch 2026-09-11"
2026-09-11,ai_overview,saas,what law enforcement mental wellness apps are out there,8,https://www.facebook.com/IMPDNews/posts/-%F0%9D%97%AA%F0%9D%97%B2%F0%9D%97%B9%F0%9D%97%B9%F0%9D%97%BB%F0%9D%97%B2%F0%9D%98%80%F0%9D%98%80-%F0%9D%97%A7%F0%9D%97%B5%F0%9D%97%AE%F0%9D%98%81-%F0%9D%97%A6%F0%9D%97%B2%F0%9D%97%BF%F0%9D%98%83%F0%9D%97%B2%F0%9D%98%80-%F0%9D%97%A8%F0%9D%98%80-%F0%9D%97%94%F0%9D%97%B9%F0%9D%97%B9-impd-is-proud-to-launch-the-%F0%9D%97%A6%F0%9D%97%9B%F0%9D%97%9C%F0%9D%97%98%F0%9D%97%9F%F0%9D%97%97-%F0%9D%97%AA%F0%9D%97%B2%F0%9D%97%B9%F0%9D%97%B9%F0%9D%97%BB%F0%9D%97%B2%F0%9D%98%80%F0%9D%98%80-%F0%9D%97%94%F0%9D%97%BD%F0%9D%97%BD-a-f/1083203733843086/,https://www.facebook.com/IMPDNews/posts/-%F0%9D%97%AA%F0%9D%97%B2%F0%9D%97%B9%F0%9D%97%B9%F0%9D%97%BB%F0%9D%97%B2%F0%9D%98%80%F0%9D%98%80-%F0%9D%97%A7%F0%9D%97%B5%F0%9D%97%AE%F0%9D%98%81-%F0%9D%97%A6%F0%9D%97%B2%F0%9D%97%BF%F0%9D%98%83%F0%9D%97%B2%F0%9D%98%80-%F0%9D%97%A8%F0%9D%98%80-%F0%9D%97%94%F0%9D%97%B9%F0%9D%97%B9-impd-is-proud-to-launch-the-%F0%9D%97%A6%F0%9D%97%9B%F0%9D%97%9C%F0%9D%97%98%F0%9D%97%9F%F0%9D%97%97-%F0%9D%97%AA%F0%9D%97%B2%F0%9D%97%B9%F0%9D%97%B9%F0%9D%97%BB%F0%9D%97%B2%F0%9D%98%80%F0%9D%98%80-%F0%9D%97%94%F0%9D%97%BD%F0%9D%97%BD-a-f/1083203733843086/,,False,,False,"platform page (Google surface, video or social); never states page dates; not checked"
2026-09-11,ai_overview,saas,what law enforcement mental wellness apps are out there,9,https://fop.net/provider/cordico-shield-law-enforcement-wellness-app/,https://fop.net/provider/cordico-shield-law-enforcement-wellness-app/,2022-09-30,False,2024-06-03,False,"created_date: declared by the page, JSON-LD datePublished, live fetch 2026-09-11. modified_date: declared by the page, Open Graph article:modified_time, live fetch 2026-09-11"
2026-09-11,ai_overview,shopping,how do berkemann and birkenstock compare for comfort shoes? which brand should i go for?,1,https://worldcrunch.com/culture-society/are-birkenstocks-good-for-your-feet/,https://worldcrunch.com/culture-society/are-birkenstocks-good-for-your-feet/,2025-01-24,False,2025-05-24,False,"created_date: declared by the page, Open Graph article:published_time, live fetch 2026-09-11. modified_date: declared by the page, Open Graph article:modified_time, live fetch 2026-09-11"
2026-09-11,ai_overview,shopping,how do berkemann and birkenstock compare for comfort shoes? which brand should i go for?,2,https://hansenshoes.com/blogs/fashion-and-function/what-sets-birkenstock-apart-from-other-brands?srsltid=AfmBOorgmI4s6DsAhmKhbpjvzuuN2FyeCc4qgiGHb_HQLY6d-n-NwUkC,https://hansenshoes.com/blogs/fashion-and-function/what-sets-birkenstock-apart-from-other-brands?srsltid=AfmBOorgmI4s6DsAhmKhbpjvzuuN2FyeCc4qgiGHb_HQLY6d-n-NwUkC,2026-05-12,False,2026-05-12,False,"created_date: declared by the page, JSON-LD datePublished, live fetch 2026-09-11. modified_date: declared by the page, JSON-LD dateModified, live fetch 2026-09-11"
2026-09-11,ai_overview,shopping,how do berkemann and birkenstock compare for comfort shoes? which brand should i go for?,3,https://www.youtube.com/watch?v=CExHAkY-3TA,https://www.youtube.com/watch?v=CExHAkY-3TA,,False,,False,"platform page (Google surface, video or social); never states page dates; not checked"
2026-09-11,ai_overview,shopping,how do berkemann and birkenstock compare for comfort shoes? which brand should i go for?,4,https://www.seriouseats.com/best-kitchen-shoes-7097674,https://www.seriouseats.com/best-kitchen-shoes-7097674,2023-01-24,False,,False,"created_date: declared in the Wayback Machine capture of 2023-01-25, JSON-LD datePublished; the live page no longer declares it. modified_date: none — page declares no modified date; live fetch refused and no recent Wayback capture to stand in"
2026-09-11,ai_overview,shopping,how do berkemann and birkenstock compare for comfort shoes? which brand should i go for?,5,https://www.youtube.com/watch?v=1IXD3KWDTdc&t=98,https://www.youtube.com/watch?v=1IXD3KWDTdc&t=98,,False,,False,"platform page (Google surface, video or social); never states page dates; not checked"
2026-09-11,ai_overview,shopping,how do berkemann and birkenstock compare for comfort shoes? which brand should i go for?,6,https://comfortableshoes.com/blogs/comfortable-shoes-blog/so-many-choices-how-to-find-your-birkenstock-sole-mate,https://comfortableshoes.com/blogs/comfortable-shoes-blog/so-many-choices-how-to-find-your-birkenstock-sole-mate,2019-08-17,True,2019-08-17,True,"created_date: APPROXIMATE, upper bound — first Wayback Machine capture 2019-08-17; the page existed by then (18 monthly captures on record). modified_date: APPROXIMATE, upper bound — article prose identical to the first Wayback Machine capture 2019-08-17; the last edit predates the archive"
2026-09-11,ai_overview,shopping,how do berkemann and birkenstock compare for comfort shoes? which brand should i go for?,7,https://www.today.com/shop/best-birkenstocks-t262601,https://www.today.com/shop/best-birkenstocks-t262601,2025-05-14,False,2025-05-14,False,"created_date: declared by the page, Open Graph article:published_time, live fetch 2026-09-11. modified_date: declared by the page, Open Graph article:modified_time, live fetch 2026-09-11"
2026-09-11,ai_overview,shopping,how do berkemann and birkenstock compare for comfort shoes? which brand should i go for?,8,https://healthyfeet.gr/en/brand/berkemann?srsltid=AfmBOopzQTaCwj8jBkkwGbJ-Z_2N9h34YHwRjsB-ObPwagoMlWEgXQNa,https://healthyfeet.gr/en/brand/berkemann?srsltid=AfmBOopzQTaCwj8jBkkwGbJ-Z_2N9h34YHwRjsB-ObPwagoMlWEgXQNa,,False,,False,created_date: none — never archived by the Wayback Machine. modified_date: none — page declares no modified date; never archived by the Wayback Machine
2026-09-11,ai_overview,shopping,how do berkemann and birkenstock compare for comfort shoes? which brand should i go for?,9,https://www.amazon.com/Berkemann-Womens-Closed-Toe-Sandals/dp/B07FTZMRRC,https://www.amazon.com/Berkemann-Womens-Closed-Toe-Sandals/dp/B07FTZMRRC,,False,,False,created_date: none — never archived by the Wayback Machine. modified_date: none — page declares no modified date; never archived by the Wayback Machine
2026-09-11,ai_overview,shopping,how do berkemann and birkenstock compare for comfort shoes? which brand should i go for?,10,https://www.instagram.com/reel/DVrEsMJk9t3/,https://www.instagram.com/reel/DVrEsMJk9t3/,,False,,False,"platform page (Google surface, video or social); never states page dates; not checked"
2026-09-11,ai_overview,shopping,how do berkemann and birkenstock compare for comfort shoes? which brand should i go for?,11,https://www.tiktok.com/@footgear.qld/video/7662277618384784648,https://www.tiktok.com/@footgear.qld/video/7662277618384784648,,False,,False,"platform page (Google surface, video or social); never states page dates; not checked"
2026-09-11,ai_overview,shopping,how do berkemann and birkenstock compare for comfort shoes? which brand should i go for?,12,https://eneslow.com/berkemann,https://eneslow.com/berkemann,2020-08-06,True,,False,"created_date: APPROXIMATE, upper bound — first Wayback Machine capture 2020-08-06; the page existed by then (15 monthly captures on record). modified_date: none — page declares no modified date; live fetch refused and no recent Wayback capture to stand in"
2026-09-11,ai_overview,shopping,how do berkemann and birkenstock compare for comfort shoes? which brand should i go for?,13,https://www.ubuy.com.om/en/product/7B01EJWRC-berkemann-unisex-adult-flat-health-care-professional-shoe,https://www.ubuy.com.om/en/product/7B01EJWRC-berkemann-unisex-adult-flat-health-care-professional-shoe,,False,,False,created_date: none — never archived by the Wayback Machine. modified_date: none — page declares no modified date; never archived by the Wayback Machine
2026-09-11,ai_overview,shopping,how do berkemann and birkenstock compare for comfort shoes? which brand should i go for?,14,"https://www.google.com/search?q=product&prds=pvt:hg,productid:4950520734782394414,catalogid:15500600399882925118,gpcid:10999009909860115572,mid:576462551051326688&ibp=oshop","https://www.google.com/search?q=product&prds=pvt:hg,productid:4950520734782394414,catalogid:15500600399882925118,gpcid:10999009909860115572,mid:576462551051326688&ibp=oshop",,False,,False,"platform page (Google surface, video or social); never states page dates; not checked"
2026-09-11,ai_overview,shopping,how do berkemann and birkenstock compare for comfort shoes? which brand should i go for?,15,https://healthyfeet.gr/en/brand/berkemann,https://healthyfeet.gr/en/brand/berkemann,2022-09-10,True,2022-09-10,True,"created_date: APPROXIMATE, upper bound — first Wayback Machine capture 2022-09-10; the page existed by then (6 monthly captures on record). modified_date: APPROXIMATE, upper bound — article prose identical to the first Wayback Machine capture 2022-09-10; the last edit predates the archive"
2026-09-11,ai_overview,shopping,how do berkemann and birkenstock compare for comfort shoes? which brand should i go for?,16,https://hansenshoes.com/blogs/fashion-and-function/what-sets-birkenstock-apart-from-other-brands,https://hansenshoes.com/blogs/fashion-and-function/what-sets-birkenstock-apart-from-other-brands,2026-05-12,False,2026-05-12,False,"created_date: declared by the page, JSON-LD datePublished, live fetch 2026-09-11. modified_date: declared by the page, JSON-LD dateModified, live fetch 2026-09-11"
2026-09-11,ai_overview,finance,give me telegram channels with crypto market analysis,1,https://altfins.com/knowledge-base/10-best-crypto-telegram-signals-groups-in-2026-ranked-and-compared/,https://altfins.com/knowledge-base/10-best-crypto-telegram-signals-groups-in-2026-ranked-and-compared/,2026-06-11,False,2026-09-07,False,"created_date: declared by the page, JSON-LD datePublished, live fetch 2026-09-11. modified_date: declared by the page, Open Graph article:modified_time, live fetch 2026-09-11"
2026-09-11,ai_overview,finance,give me telegram channels with crypto market analysis,2,https://t.me/CryptoRankNews,https://t.me/CryptoRankNews,2019-03-30,True,,False,"created_date: APPROXIMATE, upper bound — first Wayback Machine capture 2019-03-30; the page existed by then (63 monthly captures on record). modified_date: none — page declares no modified date; no extractable prose (JS-rendered, PDF or bot wall), so captures cannot be compared"
2026-09-11,ai_overview,finance,give me telegram channels with crypto market analysis,3,https://www.timesofblockchain.com/insights/best-telegram-crypto-channels-groups/,https://www.timesofblockchain.com/insights/best-telegram-crypto-channels-groups/,2026-06-18,False,2026-06-18,False,"created_date: declared by the page, JSON-LD datePublished, live fetch 2026-09-11. modified_date: declared by the page, Open Graph og:updated_time, live fetch 2026-09-11"
2026-09-11,ai_overview,finance,give me telegram channels with crypto market analysis,4,https://margex.com/en/blog/top-10-crypto-signal-providers/,https://margex.com/en/blog/top-10-crypto-signal-providers/,,False,,False,"platform page (Google surface, video or social); never states page dates; not checked"
2026-09-11,ai_overview,saas,"whats the best way to get data into power bi from google analytics, campaign manager 360 and hubspot? looking for a connector or etl tool that handles all three",1,https://windsor.ai/connect/campaign-manager360-power-bi-integration/,https://windsor.ai/connect/campaign-manager360-power-bi-integration/,2023-09-25,False,2026-08-12,False,"created_date: declared by the page, JSON-LD datePublished, live fetch 2026-09-11. modified_date: declared by the page, Open Graph article:modified_time, live fetch 2026-09-11"
2026-09-11,ai_overview,saas,"whats the best way to get data into power bi from google analytics, campaign manager 360 and hubspot? looking for a connector or etl tool that handles all three",2,https://www.reddit.com/r/BusinessIntelligence/comments/1l3su84/best_approach_to_implementing_an_etl_pipeline_for/,https://www.reddit.com/r/BusinessIntelligence/comments/1l3su84/best_approach_to_implementing_an_etl_pipeline_for/,,False,,False,"platform page (Google surface, video or social); never states page dates; not checked"
2026-09-11,ai_overview,saas,"whats the best way to get data into power bi from google analytics, campaign manager 360 and hubspot? looking for a connector or etl tool that handles all three",3,https://windsor.ai/connect/hubspot-power-bi-integration/,https://windsor.ai/connect/hubspot-power-bi-integration/,2020-09-01,False,2026-08-12,False,"created_date: declared by the page, JSON-LD datePublished, live fetch 2026-09-11. modified_date: declared by the page, Open Graph article:modified_time, live fetch 2026-09-11"
2026-09-11,ai_overview,saas,"whats the best way to get data into power bi from google analytics, campaign manager 360 and hubspot? looking for a connector or etl tool that handles all three",4,https://supermetrics.com/products/power-bi,https://supermetrics.com/products/power-bi,2023-06-06,True,2026-09-11,True,"created_date: APPROXIMATE, upper bound — first Wayback Machine capture 2023-06-06; the page existed by then (25 monthly captures on record). modified_date: APPROXIMATE — rotating listing (directory, route or deals page); entries differ under every Wayback capture, so treated as updated at the run date"
2026-09-11,ai_overview,saas,"whats the best way to get data into power bi from google analytics, campaign manager 360 and hubspot? looking for a connector or etl tool that handles all three",5,https://ecosystem.hubspot.com/marketplace/listing/windsor-ai-all-marketing-data-and-attribution-213667,https://ecosystem.hubspot.com/marketplace/listing/windsor-ai-all-marketing-data-and-attribution-213667,2025-12-05,True,,False,"created_date: APPROXIMATE, upper bound — first Wayback Machine capture 2025-12-05; the page existed by then (3 monthly captures on record). modified_date: none — only an HTTP Last-Modified header (deploy time, not an edit); no extractable prose (JS-rendered, PDF or bot wall), so captures cannot be compared"
2026-09-11,ai_overview,saas,"whats the best way to get data into power bi from google analytics, campaign manager 360 and hubspot? looking for a connector or etl tool that handles all three",6,https://supermetrics.com/connect/campaign-manager-360-to-power-bi,https://supermetrics.com/connect/campaign-manager-360-to-power-bi,2026-06-06,True,2026-06-06,True,"created_date: APPROXIMATE, upper bound — first Wayback Machine capture 2026-06-06; the page existed by then (1 monthly captures on record). modified_date: APPROXIMATE, upper bound — article prose identical to the first Wayback Machine capture 2026-06-06; the last edit predates the archive"
2026-09-11,ai_overview,saas,"whats the best way to get data into power bi from google analytics, campaign manager 360 and hubspot? looking for a connector or etl tool that handles all three",7,https://windsor.ai/known-issues-and-limitations-with-power-bi/,https://windsor.ai/known-issues-and-limitations-with-power-bi/,2021-08-12,False,2026-08-19,False,"created_date: declared by the page, Open Graph article:published_time, live fetch 2026-09-11. modified_date: declared by the page, Open Graph article:modified_time, live fetch 2026-09-11"
2026-09-11,ai_overview,saas,"whats the best way to get data into power bi from google analytics, campaign manager 360 and hubspot? looking for a connector or etl tool that handles all three",8,https://windsor.ai/destinations/microsoft-power-bi/,https://windsor.ai/destinations/microsoft-power-bi/,2020-05-28,False,2026-06-29,False,"created_date: declared by the page, JSON-LD datePublished, live fetch 2026-09-11. modified_date: declared by the page, Open Graph article:modified_time, live fetch 2026-09-11"
2026-09-11,ai_overview,saas,"whats the best way to get data into power bi from google analytics, campaign manager 360 and hubspot? looking for a connector or etl tool that handles all three",9,https://supermetrics.com/connect/campaign-manager-360-to-microsoft-fabric,https://supermetrics.com/connect/campaign-manager-360-to-microsoft-fabric,2026-06-08,True,2026-06-08,True,"created_date: APPROXIMATE, upper bound — first Wayback Machine capture 2026-06-08; the page existed by then (1 monthly captures on record). modified_date: APPROXIMATE, upper bound — article prose identical to the first Wayback Machine capture 2026-06-08; the last edit predates the archive"
2026-09-11,ai_overview,saas,"whats the best way to get data into power bi from google analytics, campaign manager 360 and hubspot? looking for a connector or etl tool that handles all three",10,https://supermetrics.com/connect/hubspot-to-power-bi,https://supermetrics.com/connect/hubspot-to-power-bi,2026-06-13,True,2026-06-13,True,"created_date: APPROXIMATE, upper bound — first Wayback Machine capture 2026-06-13; the page existed by then (1 monthly captures on record). modified_date: APPROXIMATE, upper bound — article prose identical to the first Wayback Machine capture 2026-06-13; the last edit predates the archive"
2026-09-11,ai_overview,saas,"whats the best way to get data into power bi from google analytics, campaign manager 360 and hubspot? looking for a connector or etl tool that handles all three",11,https://windsor.ai/connect/connect-google-analytics-power-bi/,https://windsor.ai/connect/connect-google-analytics-power-bi/,2024-06-05,False,2026-09-08,False,"created_date: declared by the page, JSON-LD datePublished, live fetch 2026-09-11. modified_date: declared by the page, Open Graph article:modified_time, live fetch 2026-09-11"
2026-09-11,ai_overview,saas,"whats the best way to get data into power bi from google analytics, campaign manager 360 and hubspot? looking for a connector or etl tool that handles all three",12,https://windsor.ai/connect-google-analytics-to-power-bi-guide/,https://windsor.ai/connect-google-analytics-to-power-bi-guide/,2024-06-05,False,2026-09-08,False,"created_date: declared by the page, JSON-LD datePublished, live fetch 2026-09-11. modified_date: declared by the page, Open Graph article:modified_time, live fetch 2026-09-11"
2026-09-11,ai_overview,saas,"whats the best way to get data into power bi from google analytics, campaign manager 360 and hubspot? looking for a connector or etl tool that handles all three",13,https://ecosystem.hubspot.com/marketplace/apps/marketing-analytics,https://ecosystem.hubspot.com/marketplace/apps/marketing-analytics,2025-01-15,True,,False,"created_date: APPROXIMATE, upper bound — first Wayback Machine capture 2025-01-15; the page existed by then (6 monthly captures on record). modified_date: none — only an HTTP Last-Modified header (deploy time, not an edit); no extractable prose (JS-rendered, PDF or bot wall), so captures cannot be compared"
2026-09-11,ai_overview,saas,"whats the best way to get data into power bi from google analytics, campaign manager 360 and hubspot? looking for a connector or etl tool that handles all three",14,https://data-never-lies.com/connect-ga4-and-hubspot-to-power-bi-looker-studio-a-practical-guide/,https://data-never-lies.com/connect-ga4-and-hubspot-to-power-bi-looker-studio-a-practical-guide/,2025-11-14,False,2025-12-23,False,"created_date: declared by the page, Open Graph article:published_time, live fetch 2026-09-11. modified_date: declared by the page, Open Graph article:modified_time, live fetch 2026-09-11"
2026-09-11,ai_overview,saas,top productivity apps to break through procrastination and become hyper focused on tasks,1,https://www.reddit.com/r/getdisciplined/comments/1731jhb/the_best_free_tools_ive_found_for_beating/,https://www.reddit.com/r/getdisciplined/comments/1731jhb/the_best_free_tools_ive_found_for_beating/,,False,,False,"platform page (Google surface, video or social); never states page dates; not checked"
2026-09-11,ai_overview,saas,top productivity apps to break through procrastination and become hyper focused on tasks,2,https://adhd-founder.com/blog/best-apps-procrastination-founders-2026/,https://adhd-founder.com/blog/best-apps-procrastination-founders-2026/,2026-04-25,False,2026-04-25,False,"created_date: declared by the page, JSON-LD datePublished, live fetch 2026-09-11. modified_date: declared by the page, JSON-LD dateModified, live fetch 2026-09-11"
2026-09-11,ai_overview,saas,top productivity apps to break through procrastination and become hyper focused on tasks,3,https://theliven.com/blog/wellbeing/procrastination/the-role-of-technology-in-fighting-procrastination-apps-tools-and-methods,https://theliven.com/blog/wellbeing/procrastination/the-role-of-technology-in-fighting-procrastination-apps-tools-and-methods,2025-12-09,False,2026-07-01,False,"created_date: declared by the page, Open Graph article:published_time, live fetch 2026-09-11. modified_date: declared by the page, Open Graph article:modified_time, live fetch 2026-09-11"
2026-09-11,ai_overview,saas,top productivity apps to break through procrastination and become hyper focused on tasks,4,https://zapier.com/blog/best-productivity-apps/,https://zapier.com/blog/best-productivity-apps/,2018-09-02,True,2026-03-19,True,"created_date: APPROXIMATE, upper bound — first Wayback Machine capture 2018-09-02; the page existed by then (51 monthly captures on record). modified_date: APPROXIMATE — article prose changed between the Wayback Machine capture of 2026-02-12 and the Wayback capture of 2026-04-23; midpoint reported, window 70 days, 8 captures compared"
2026-09-11,ai_overview,saas,top productivity apps to break through procrastination and become hyper focused on tasks,5,https://www.youtube.com/watch?v=JFU-nx00FKs&t=237,https://www.youtube.com/watch?v=JFU-nx00FKs&t=237,,False,,False,"platform page (Google surface, video or social); never states page dates; not checked"
2026-09-11,ai_overview,saas,top productivity apps to break through procrastination and become hyper focused on tasks,6,https://bossasaservice.com/blog/apps-for-procrastination/,https://bossasaservice.com/blog/apps-for-procrastination/,2023-06-06,False,2026-06-06,False,"created_date: declared by the page, Open Graph article:published_time, live fetch 2026-09-11. modified_date: declared by the page, Open Graph article:modified_time, live fetch 2026-09-11"
2026-09-11,ai_overview,saas,top productivity apps to break through procrastination and become hyper focused on tasks,7,https://www.jessjarmo.com/blog/best-adhd-productivity-apps-and-tools-adults-neurodivergent-coachs-guide,https://www.jessjarmo.com/blog/best-adhd-productivity-apps-and-tools-adults-neurodivergent-coachs-guide,,False,,False,"created_date: none — never archived by the Wayback Machine. modified_date: none — only an HTTP Last-Modified header (deploy time, not an edit); never archived by the Wayback Machine"
2026-09-11,ai_overview,finance,"Can you suggest the most financially viable methods of commercial money transfers? My clients are in the United States, and I am located in the United Kingdom. Could you update or provide better solutions to save money?",1,https://www.airwallex.com/en-us/blog/best-international-money-transfer,https://www.airwallex.com/en-us/blog/best-international-money-transfer,,False,,False,"platform page (Google surface, video or social); never states page dates; not checked"
2026-09-11,ai_overview,finance,"Can you suggest the most financially viable methods of commercial money transfers? My clients are in the United States, and I am located in the United Kingdom. Could you update or provide better solutions to save money?",2,https://www.nerdwallet.com/banking/learn/best-ways-to-wire-money-internationally,https://www.nerdwallet.com/banking/learn/best-ways-to-wire-money-internationally,2020-09-11,False,2025-05-17,False,"created_date: declared in the Wayback Machine capture of 2025-10-24, JSON-LD datePublished; the live page no longer declares it. modified_date: declared in the Wayback Machine capture of 2025-10-24, JSON-LD dateModified; the live page no longer declares it"
2026-09-11,ai_overview,finance,"Can you suggest the most financially viable methods of commercial money transfers? My clients are in the United States, and I am located in the United Kingdom. Could you update or provide better solutions to save money?",3,https://www.currencytransfer.com/blog/expert-analysis/cheapest-way-to-transfer-money-abroad-from-the-uk,https://www.currencytransfer.com/blog/expert-analysis/cheapest-way-to-transfer-money-abroad-from-the-uk,2026-02-02,False,2026-02-02,False,"created_date: declared by the page, Open Graph article:published_time, live fetch 2026-09-11. modified_date: declared by the page, JSON-LD dateModified, live fetch 2026-09-11"
2026-09-11,ai_overview,finance,"Can you suggest the most financially viable methods of commercial money transfers? My clients are in the United States, and I am located in the United Kingdom. Could you update or provide better solutions to save money?",4,https://www.youtube.com/watch?v=dX4WAwxjyik,https://www.youtube.com/watch?v=dX4WAwxjyik,,False,,False,"platform page (Google surface, video or social); never states page dates; not checked"
2026-09-11,ai_overview,finance,"Can you suggest the most financially viable methods of commercial money transfers? My clients are in the United States, and I am located in the United Kingdom. Could you update or provide better solutions to save money?",5,https://www.xe.com/send-money/send-money-to-united-kingdom/from-united-states/,https://www.xe.com/send-money/send-money-to-united-kingdom/from-united-states/,2025-01-24,True,2026-05-14,True,"created_date: APPROXIMATE, upper bound — first Wayback Machine capture 2025-01-24; the page existed by then (2 monthly captures on record). modified_date: APPROXIMATE — article prose changed between the Wayback Machine capture of 2026-01-14 and the live page; midpoint reported, window 239 days, 2 captures compared"
2026-09-11,ai_overview,finance,"Can you suggest the most financially viable methods of commercial money transfers? My clients are in the United States, and I am located in the United Kingdom. Could you update or provide better solutions to save money?",6,https://www.buckinghamcapitalconsulting.com/post/best-cross-border-payment-providers-for-uk-businesses-in-2026,https://www.buckinghamcapitalconsulting.com/post/best-cross-border-payment-providers-for-uk-businesses-in-2026,2026-08-17,False,2026-08-17,False,"created_date: declared by the page, Open Graph article:published_time, live fetch 2026-09-11. modified_date: declared by the page, Open Graph article:modified_time, live fetch 2026-09-11"
2026-09-11,ai_overview,finance,"Can you suggest the most financially viable methods of commercial money transfers? My clients are in the United States, and I am located in the United Kingdom. Could you update or provide better solutions to save money?",7,https://www.revolut.com/money-transfer/send-money-to-the-uk-from-the-usa/,https://www.revolut.com/money-transfer/send-money-to-the-uk-from-the-usa/,2025-03-16,True,,False,"created_date: APPROXIMATE, upper bound — first Wayback Machine capture 2025-03-16; the page existed by then (3 monthly captures on record). modified_date: none — page declares no modified date; live fetch refused and no recent Wayback capture to stand in"
2026-09-11,ai_overview,saas,What is the best music-making software.,1,https://www.reddit.com/r/musicproduction/comments/raum3l/what_is_a_good_music_production_software_for_a/,https://www.reddit.com/r/musicproduction/comments/raum3l/what_is_a_good_music_production_software_for_a/,,False,,False,"platform page (Google surface, video or social); never states page dates; not checked"
2026-09-11,ai_overview,saas,What is the best music-making software.,2,https://www.youtube.com/watch?v=8V_h55tMrVQ&t=308,https://www.youtube.com/watch?v=8V_h55tMrVQ&t=308,,False,,False,"platform page (Google surface, video or social); never states page dates; not checked"
2026-09-11,ai_overview,saas,What is the best music-making software.,3,https://www.musicradar.com/news/the-best-daws-the-best-music-production-software-for-pc-and-mac,https://www.musicradar.com/news/the-best-daws-the-best-music-production-software-for-pc-and-mac,2022-06-09,False,2026-05-07,False,"created_date: declared by the page, Open Graph article:published_time, live fetch 2026-09-11. modified_date: declared by the page, Open Graph article:modified_time, live fetch 2026-09-11"
2026-09-11,ai_overview,saas,What is the best music-making software.,4,https://www.image-line.com/,https://www.image-line.com/,2026-09-02,False,2026-09-07,False,"created_date: declared by the page, JSON-LD datePublished, live fetch 2026-09-11. modified_date: declared by the page, JSON-LD dateModified, live fetch 2026-09-11"
2026-09-11,ai_overview,saas,What is the best music-making software.,5,https://aimm.edu/blog/best-music-software-for-beginners/,https://aimm.edu/blog/best-music-software-for-beginners/,2026-07-14,False,2026-08-21,False,"created_date: declared by the page, Open Graph article:published_time, live fetch 2026-09-11. modified_date: declared by the page, Open Graph article:modified_time, live fetch 2026-09-11"
2026-09-11,ai_overview,saas,What is the best music-making software.,6,https://bedroomproducersblog.com/music-production-software/,https://bedroomproducersblog.com/music-production-software/,2026-04-01,False,2026-04-01,False,"created_date: declared in the Wayback Machine capture of 2026-08-05, JSON-LD datePublished; the live page no longer declares it. modified_date: declared in the Wayback Machine capture of 2026-08-05, Open Graph article:modified_time; the live page no longer declares it"
2026-09-11,ai_overview,travel,whats the cheapest place to go skiing in france,1,https://www.reddit.com/r/skiing/comments/1qrh6kg/beginner_resorts_in_france_on_a_budget/,https://www.reddit.com/r/skiing/comments/1qrh6kg/beginner_resorts_in_france_on_a_budget/,,False,,False,"platform page (Google surface, video or social); never states page dates; not checked"
2026-09-11,ai_overview,travel,whats the cheapest place to go skiing in france,2,https://www.lonelyplanet.com/articles/europes-best-budget-ski-resorts,https://www.lonelyplanet.com/articles/europes-best-budget-ski-resorts,2019-08-20,False,2025-11-01,False,"created_date: declared by the page, Open Graph article:published_time, live fetch 2026-09-11. modified_date: declared by the page, Open Graph article:modified_time, live fetch 2026-09-11"
2026-09-11,ai_overview,travel,whats the cheapest place to go skiing in france,3,https://simonjackburgess.com/simon-jack-burgess-blog/budget-friendly-european-ski-destinations,https://simonjackburgess.com/simon-jack-burgess-blog/budget-friendly-european-ski-destinations,2022-10-25,False,2025-06-29,False,"created_date: declared by the page, JSON-LD datePublished, live fetch 2026-09-11. modified_date: declared by the page, JSON-LD dateModified, live fetch 2026-09-11"
2026-09-11,ai_overview,travel,whats the cheapest place to go skiing in france,4,https://www.snowcompare.com/blog/2026/01/budget-ski-resorts-france,https://www.snowcompare.com/blog/2026/01/budget-ski-resorts-france,2026-01-16,False,2026-01-16,False,"created_date: declared by the page, Open Graph article:published_time, live fetch 2026-09-11. modified_date: declared by the page, Open Graph article:modified_time, live fetch 2026-09-11"
2026-09-11,ai_overview,shopping,what are the best affiliate products for people who like to watch MrBeast?,1,https://www.youtube.com/watch?v=b7NObumGRmc&t=348,https://www.youtube.com/watch?v=b7NObumGRmc&t=348,,False,,False,"platform page (Google surface, video or social); never states page dates; not checked"
2026-09-11,ai_overview,shopping,what are the best affiliate products for people who like to watch MrBeast?,2,https://www.digistore24.com/blog/top-affiliate-products-youtube/,https://www.digistore24.com/blog/top-affiliate-products-youtube/,2026-05-04,False,2026-05-08,False,"created_date: declared by the page, Open Graph article:published_time, live fetch 2026-09-11. modified_date: declared by the page, Open Graph article:modified_time, live fetch 2026-09-11"
2026-09-11,ai_overview,shopping,what are the best affiliate products for people who like to watch MrBeast?,3,https://www.viewstats.com/affiliates,https://www.viewstats.com/affiliates,2025-10-14,True,2025-10-14,True,"created_date: APPROXIMATE, upper bound — first Wayback Machine capture 2025-10-14; the page existed by then (12 monthly captures on record). modified_date: APPROXIMATE, upper bound — article prose identical to the first Wayback Machine capture 2025-10-14; the last edit predates the archive"
2026-09-11,ai_overview,shopping,what are the best affiliate products for people who like to watch MrBeast?,4,https://www.studocu.com/row/document/universidade-agostinho-neto/gestao-de-base-de-dados-e-recursos-de-informacao/me30403-business-case-study-mrbeasts-marketing-strategies/151226367,https://www.studocu.com/row/document/universidade-agostinho-neto/gestao-de-base-de-dados-e-recursos-de-informacao/me30403-business-case-study-mrbeasts-marketing-strategies/151226367,,False,,False,created_date: none — never archived by the Wayback Machine. modified_date: none — page declares no modified date; never archived by the Wayback Machine
2026-09-11,ai_overview,shopping,what are the best affiliate products for people who like to watch MrBeast?,5,https://digitalmarketinginstitute.com/blog/mrbeast-and-the-creator-economy,https://digitalmarketinginstitute.com/blog/mrbeast-and-the-creator-economy,2026-03-30,False,2026-04-22,False,"created_date: declared by the page, JSON-LD datePublished, live fetch 2026-09-11. modified_date: declared by the page, JSON-LD dateModified, live fetch 2026-09-11"
2026-09-11,ai_overview,shopping,what are the best affiliate products for people who like to watch MrBeast?,6,https://www.youtube.com/watch?v=iTzr2GvynRo&t=117,https://www.youtube.com/watch?v=iTzr2GvynRo&t=117,,False,,False,"platform page (Google surface, video or social); never states page dates; not checked"
2026-09-11,ai_overview,travel,"Which is the best temple for a temple stay in Seoul, other than Bongeunsa",1,https://www.facebook.com/groups/koreatravelguide/posts/2510375329126599/,https://www.facebook.com/groups/koreatravelguide/posts/2510375329126599/,,False,,False,"platform page (Google surface, video or social); never states page dates; not checked"
2026-09-11,ai_overview,travel,"Which is the best temple for a temple stay in Seoul, other than Bongeunsa",2,https://www.reddit.com/r/Buddhism/comments/8mfp3y/templestay_experience/,https://www.reddit.com/r/Buddhism/comments/8mfp3y/templestay_experience/,,False,,False,"platform page (Google surface, video or social); never states page dates; not checked"
2026-09-11,ai_overview,travel,"Which is the best temple for a temple stay in Seoul, other than Bongeunsa",3,https://www.templestay.com/en/MI000000000000000019/temple/introView.do?templeId=Hwagyesa,https://www.templestay.com/en/MI000000000000000019/temple/introView.do?templeId=Hwagyesa,,False,,False,created_date: none — never archived by the Wayback Machine. modified_date: none — page declares no modified date; never archived by the Wayback Machine
2026-09-11,ai_overview,travel,"Which is the best temple for a temple stay in Seoul, other than Bongeunsa",4,https://www.tripadvisor.com/Attraction_Review-g294197-d632509-Reviews-Hwagyesa_Temple-Seoul.html,https://www.tripadvisor.com/Attraction_Review-g294197-d632509-Reviews-Hwagyesa_Temple-Seoul.html,2012-08-26,True,,False,"created_date: APPROXIMATE, upper bound — first Wayback Machine capture 2012-08-26; the page existed by then (5 monthly captures on record). modified_date: none — page declares no modified date; live fetch refused and no recent Wayback capture to stand in"
2026-09-11,ai_overview,travel,"Which is the best temple for a temple stay in Seoul, other than Bongeunsa",5,https://www.trazy.com/experience/detail/temple-stay-korea-hwagyesa-temple,https://www.trazy.com/experience/detail/temple-stay-korea-hwagyesa-temple,2017-10-22,True,2025-01-13,True,"created_date: APPROXIMATE, upper bound — first Wayback Machine capture 2017-10-22; the page existed by then (2 monthly captures on record). modified_date: APPROXIMATE — article prose changed between the Wayback Machine capture of 2023-05-19 and the live page; midpoint reported, window 1210 days, 2 captures compared"
2026-09-11,ai_overview,travel,"Which is the best temple for a temple stay in Seoul, other than Bongeunsa",6,https://world.seoul.go.kr/service/amusement/temple-stay/,https://world.seoul.go.kr/service/amusement/temple-stay/,2022-08-09,True,2022-08-09,True,"created_date: APPROXIMATE, upper bound — first Wayback Machine capture 2022-08-09; the page existed by then (1 monthly captures on record). modified_date: APPROXIMATE, upper bound — article prose identical to the first Wayback Machine capture 2022-08-09; the last edit predates the archive"
2026-09-11,ai_overview,travel,"Which is the best temple for a temple stay in Seoul, other than Bongeunsa",7,https://10mag.com/temple-stay-korea/,https://10mag.com/temple-stay-korea/,2026-08-27,False,2026-08-27,False,"created_date: declared by the page, JSON-LD datePublished, live fetch 2026-09-11. modified_date: declared by the page, JSON-LD dateModified, live fetch 2026-09-11"
2026-09-11,ai_overview,travel,"Which is the best temple for a temple stay in Seoul, other than Bongeunsa",8,https://www.google.com/searchviewer/10?svid=CAwSGRIXCgNwdnESEENnb3ZiUzh3Ym1KamVHTmoYCg,https://www.google.com/searchviewer/10?svid=CAwSGRIXCgNwdnESEENnb3ZiUzh3Ym1KamVHTmoYCg,,False,,False,"platform page (Google surface, video or social); never states page dates; not checked"
2026-09-11,ai_overview,travel,"Which is the best temple for a temple stay in Seoul, other than Bongeunsa",9,https://www.google.com/searchviewer/10?svid=CAwSHRIbCgNwdnESFENnMHZaeTh4TVdOc2EzWndlbkozGAo,https://www.google.com/searchviewer/10?svid=CAwSHRIbCgNwdnESFENnMHZaeTh4TVdOc2EzWndlbkozGAo,,False,,False,"platform page (Google surface, video or social); never states page dates; not checked"
2026-09-11,ai_overview,travel,"Which is the best temple for a temple stay in Seoul, other than Bongeunsa",10,https://www.google.com/searchviewer/10?svid=CAwSHBIaCgNwdnESE0Nnd3ZaeTh4Y1RZMFkyaHdhM0kYCg,https://www.google.com/searchviewer/10?svid=CAwSHBIaCgNwdnESE0Nnd3ZaeTh4Y1RZMFkyaHdhM0kYCg,,False,,False,"platform page (Google surface, video or social); never states page dates; not checked"
2026-09-11,ai_overview,travel,"Which is the best temple for a temple stay in Seoul, other than Bongeunsa",11,https://www.google.com/searchviewer/10?svid=CAwSGBIWCgNwdnESD0Nna3ZiUzh3WXpoeFltdxgK,https://www.google.com/searchviewer/10?svid=CAwSGBIWCgNwdnESD0Nna3ZiUzh3WXpoeFltdxgK,,False,,False,"platform page (Google surface, video or social); never states page dates; not checked"
2026-09-11,ai_overview,saas,Can you recommend a free software for converting .dat files to .fbk?,1,https://help.autodesk.com/view/CIV3D/2017/ENU/?caas=caas/CloudHelp/cloudhelp/2017/ENU/Civil3D-UserGuide/files/GUID-4523BE03-F340-45C6-B60F-126CF468AD44-htm.html,https://help.autodesk.com/view/CIV3D/2017/ENU/?caas=caas/CloudHelp/cloudhelp/2017/ENU/Civil3D-UserGuide/files/GUID-4523BE03-F340-45C6-B60F-126CF468AD44-htm.html,,False,,False,"created_date: none — never archived by the Wayback Machine. modified_date: none — only an HTTP Last-Modified header (deploy time, not an edit); never archived by the Wayback Machine"
2026-09-11,ai_overview,shopping,what are the best cameras that are known for their insane detail and quality in images,1,https://thecotswoldphotographer.com/best-cameras-2025-value-performance/,https://thecotswoldphotographer.com/best-cameras-2025-value-performance/,2025-07-28,False,2026-09-01,False,"created_date: declared by the page, JSON-LD datePublished, live fetch 2026-09-11. modified_date: declared by the page, Open Graph og:updated_time, live fetch 2026-09-11"
2026-09-11,ai_overview,shopping,what are the best cameras that are known for their insane detail and quality in images,2,https://www.dpreview.com/reviews/buying-guide-best-high-end-cameras/,https://www.dpreview.com/reviews/buying-guide-best-high-end-cameras/,2023-11-13,False,2023-11-15,False,"created_date: declared in the Wayback Machine capture of 2023-11-21, JSON-LD datePublished; the live page no longer declares it. modified_date: declared in the Wayback Machine capture of 2023-11-21, JSON-LD dateModified; the live page no longer declares it"
2026-09-11,ai_overview,shopping,what are the best cameras that are known for their insane detail and quality in images,3,https://www.digitalcameraworld.com/buying-guides/the-10-highest-resolution-cameras-you-can-buy-today,https://www.digitalcameraworld.com/buying-guides/the-10-highest-resolution-cameras-you-can-buy-today,2022-09-06,False,2025-10-28,False,"created_date: declared by the page, Open Graph article:published_time, live fetch 2026-09-11. modified_date: declared by the page, Open Graph article:modified_time, live fetch 2026-09-11"
2026-09-11,ai_overview,shopping,what are the best cameras that are known for their insane detail and quality in images,4,https://www.techradar.com/cameras/the-best-camera-for-photography,https://www.techradar.com/cameras/the-best-camera-for-photography,2025-11-27,False,2026-08-10,False,"created_date: declared by the page, Open Graph article:published_time, live fetch 2026-09-11. modified_date: declared by the page, Open Graph article:modified_time, live fetch 2026-09-11"
2026-09-11,ai_overview,shopping,what are the best cameras that are known for their insane detail and quality in images,5,https://photographylife.com/best-mirrorless-camera,https://photographylife.com/best-mirrorless-camera,2018-12-25,False,2026-04-08,False,"created_date: declared by the page, Open Graph article:published_time, live fetch 2026-09-11. modified_date: declared by the page, Open Graph article:modified_time, live fetch 2026-09-11"
2026-09-11,ai_overview,shopping,what are the best cameras that are known for their insane detail and quality in images,6,https://www.digitalcameraworld.com/buying-guides/the-best-medium-format-camera,https://www.digitalcameraworld.com/buying-guides/the-best-medium-format-camera,2022-11-03,False,2026-04-21,False,"created_date: declared by the page, Open Graph article:published_time, live fetch 2026-09-11. modified_date: declared by the page, Open Graph article:modified_time, live fetch 2026-09-11"
2026-09-11,ai_overview,shopping,what are the best cameras that are known for their insane detail and quality in images,7,https://clippingexpertasia.com/blog/top-10-highest-resolution-cameras-megapixel-kings-ranked/,https://clippingexpertasia.com/blog/top-10-highest-resolution-cameras-megapixel-kings-ranked/,2026-06-13,False,2026-06-13,False,"created_date: declared by the page, Open Graph article:published_time, live fetch 2026-09-11. modified_date: declared by the page, Open Graph article:modified_time, live fetch 2026-09-11"
2026-09-11,ai_overview,shopping,what are the best cameras that are known for their insane detail and quality in images,8,https://martinkleinheinz.de/en/digital-medium-format-cameras/,https://martinkleinheinz.de/en/digital-medium-format-cameras/,2025-08-02,False,2026-05-25,False,"created_date: declared by the page, JSON-LD datePublished, live fetch 2026-09-11. modified_date: declared by the page, JSON-LD dateModified, live fetch 2026-09-11"
2026-09-11,ai_overview,shopping,what are the best cameras that are known for their insane detail and quality in images,9,https://photococamera.com/best-medium-format-cameras-2025-professional/?srsltid=AfmBOoqAnzzj6Kr0UEH6NMhQdgB-qNckw8Ev7aOX4rYQ33Rn-hCZ-nv3,https://photococamera.com/best-medium-format-cameras-2025-professional/?srsltid=AfmBOoqAnzzj6Kr0UEH6NMhQdgB-qNckw8Ev7aOX4rYQ33Rn-hCZ-nv3,2025-10-06,False,2025-10-07,False,"created_date: declared by the page, Open Graph article:published_time, live fetch 2026-09-11. modified_date: declared by the page, Open Graph article:modified_time, live fetch 2026-09-11"
2026-09-11,ai_overview,shopping,what are the best cameras that are known for their insane detail and quality in images,10,"https://www.google.com/search?q=product&prds=pvt:hg,productid:3212330458592244331,catalogid:18329931104212136368,gpcid:6182558121507517744,mid:576462866792634432&ibp=oshop","https://www.google.com/search?q=product&prds=pvt:hg,productid:3212330458592244331,catalogid:18329931104212136368,gpcid:6182558121507517744,mid:576462866792634432&ibp=oshop",,False,,False,"platform page (Google surface, video or social); never states page dates; not checked"
2026-09-11,ai_overview,shopping,what are the best cameras that are known for their insane detail and quality in images,11,"https://www.google.com/search?q=product&prds=pvt:hg,productid:9949899282181603994,catalogid:18163813947203984751,gpcid:6104063494003957061,mid:576462684823042966&ibp=oshop","https://www.google.com/search?q=product&prds=pvt:hg,productid:9949899282181603994,catalogid:18163813947203984751,gpcid:6104063494003957061,mid:576462684823042966&ibp=oshop",,False,,False,"platform page (Google surface, video or social); never states page dates; not checked"
2026-09-11,ai_overview,local_services,Is this work for under ground burial? PVC Coated Galvanized Steel Flexible Conduit,1,https://www.anacondasealtite.com/blog/what-are-different-types-of-flexible-electrical-conduit/,https://www.anacondasealtite.com/blog/what-are-different-types-of-flexible-electrical-conduit/,2024-03-08,False,2024-05-17,False,"created_date: declared by the page, Open Graph article:published_time, live fetch 2026-09-11. modified_date: declared by the page, Open Graph article:modified_time, live fetch 2026-09-11"
2026-09-11,ai_overview,local_services,Is this work for under ground burial? PVC Coated Galvanized Steel Flexible Conduit,2,https://shieldenstrut.com/blogs/news/flexible-electrical-conduit/,https://shieldenstrut.com/blogs/news/flexible-electrical-conduit/,2025-09-09,False,2025-09-09,False,"created_date: declared by the page, Open Graph article:published_time, live fetch 2026-09-11. modified_date: declared by the page, Open Graph article:modified_time, live fetch 2026-09-11"
2026-09-11,ai_overview,local_services,Is this work for under ground burial? PVC Coated Galvanized Steel Flexible Conduit,3,https://www.reddit.com/r/electrical/comments/vphdve/what_type_of_conduit_for_underground_wire/,https://www.reddit.com/r/electrical/comments/vphdve/what_type_of_conduit_for_underground_wire/,,False,,False,"platform page (Google surface, video or social); never states page dates; not checked"
2026-09-11,ai_overview,local_services,Is this work for under ground burial? PVC Coated Galvanized Steel Flexible Conduit,4,https://www.ecmag.com/magazine/articles/article-detail/choosing-electrical-conduit-for-underground-applications,https://www.ecmag.com/magazine/articles/article-detail/choosing-electrical-conduit-for-underground-applications,2023-12-01,False,2023-12-01,False,"created_date: declared in the Wayback Machine capture of 2024-02-27, JSON-LD datePublished; the live page no longer declares it. modified_date: declared in the Wayback Machine capture of 2024-02-27, JSON-LD dateModified; the live page no longer declares it"
2026-09-11,ai_overview,local_services,Is this work for under ground burial? PVC Coated Galvanized Steel Flexible Conduit,5,https://www.youtube.com/watch?v=wQ1V2NsmLmg&t=43,https://www.youtube.com/watch?v=wQ1V2NsmLmg&t=43,,False,,False,"platform page (Google surface, video or social); never states page dates; not checked"
2026-09-11,ai_overview,local_services,Is this work for under ground burial? PVC Coated Galvanized Steel Flexible Conduit,6,https://www.youtube.com/shorts/JCh2CUHaJh4,https://www.youtube.com/shorts/JCh2CUHaJh4,,False,,False,"platform page (Google surface, video or social); never states page dates; not checked"
2026-09-11,ai_overview,local_services,how much does it cost to hire a software developer to make a website for a small buisness in ocala florida,1,https://skyway.media/how-much-does-it-cost-to-hire-a-web-designer/,https://skyway.media/how-much-does-it-cost-to-hire-a-web-designer/,2025-10-21,False,2025-10-21,False,"created_date: declared by the page, Open Graph article:published_time, live fetch 2026-09-11. modified_date: declared by the page, Open Graph article:modified_time, live fetch 2026-09-11"
2026-09-11,ai_overview,local_services,how much does it cost to hire a software developer to make a website for a small buisness in ocala florida,2,https://www.linkedin.com/pulse/how-much-does-cost-hire-someone-build-website-small-business-bt8mf,https://www.linkedin.com/pulse/how-much-does-cost-hire-someone-build-website-small-business-bt8mf,,False,,False,"platform page (Google surface, video or social); never states page dates; not checked"
2026-09-11,ai_overview,local_services,how much does it cost to hire a software developer to make a website for a small buisness in ocala florida,3,https://www.forbes.com/advisor/business/software/how-much-does-a-website-cost/,https://www.forbes.com/advisor/business/software/how-much-does-a-website-cost/,2021-12-22,False,2026-03-31,False,"created_date: declared in the Wayback Machine capture of 2026-07-29, Open Graph article:published_time; the live page no longer declares it. modified_date: declared in the Wayback Machine capture of 2026-07-29, Open Graph article:modified_time; the live page no longer declares it"
2026-09-11,ai_overview,local_services,how much does it cost to hire a software developer to make a website for a small buisness in ocala florida,4,https://wisdmlabs.com/blog/how-much-does-it-cost-to-hire-a-wordpress-developer-in-2025-usa-pricing-guide/,https://wisdmlabs.com/blog/how-much-does-it-cost-to-hire-a-wordpress-developer-in-2025-usa-pricing-guide/,2025-10-06,False,2026-07-20,False,"created_date: declared by the page, Open Graph article:published_time, live fetch 2026-09-11. modified_date: declared by the page, Open Graph article:modified_time, live fetch 2026-09-11"
2026-09-11,ai_overview,local_services,how much does it cost to hire a software developer to make a website for a small buisness in ocala florida,5,https://www.freshbooks.com/hub/estimates/how-much-do-web-designers-charge?srsltid=AfmBOoqygG3Hd8y4dQ0ZH5018N_oHKP5avj27ze2UeU35ycvOf_LaBbo,https://www.freshbooks.com/hub/estimates/how-much-do-web-designers-charge?srsltid=AfmBOoqygG3Hd8y4dQ0ZH5018N_oHKP5avj27ze2UeU35ycvOf_LaBbo,,False,2026-08-05,False,"created_date: none — page declares no publish date; not archived. modified_date: declared by the page, Open Graph article:modified_time, live fetch 2026-09-11"
2026-09-11,ai_overview,local_services,how much does it cost to hire a software developer to make a website for a small buisness in ocala florida,6,https://brickcity.com/services/web-design/,https://brickcity.com/services/web-design/,2023-08-10,False,2023-09-13,False,"created_date: declared in the Wayback Machine capture of 2023-09-23, Open Graph article:published_time; the live page no longer declares it. modified_date: declared in the Wayback Machine capture of 2023-09-23, JSON-LD dateModified; the live page no longer declares it"
2026-09-11,ai_overview,local_services,how much does it cost to hire a software developer to make a website for a small buisness in ocala florida,7,https://graphicten.com/blog/how-much-does-a-website-cost-in-ocala/,https://graphicten.com/blog/how-much-does-a-website-cost-in-ocala/,2026-07-07,False,2026-08-14,False,"created_date: declared by the page, Open Graph article:published_time, live fetch 2026-09-11. modified_date: declared by the page, Open Graph article:modified_time, live fetch 2026-09-11"
2026-09-11,ai_overview,local_services,how much does it cost to hire a software developer to make a website for a small buisness in ocala florida,8,https://benchmarkwebd.com/pricing/,https://benchmarkwebd.com/pricing/,,False,,False,created_date: none — never archived by the Wayback Machine. modified_date: none — page declares no modified date; never archived by the Wayback Machine
2026-09-11,ai_overview,local_services,how much does it cost to hire a software developer to make a website for a small buisness in ocala florida,9,https://benchmarkwebd.com/web-design/,https://benchmarkwebd.com/web-design/,,False,,False,created_date: none — never archived by the Wayback Machine. modified_date: none — page declares no modified date; never archived by the Wayback Machine
2026-09-11,ai_overview,local_services,how much does it cost to hire a software developer to make a website for a small buisness in ocala florida,10,https://www.iwantawebsite.com/sign-up,https://www.iwantawebsite.com/sign-up,2024-07-12,True,2026-09-11,True,"created_date: APPROXIMATE, upper bound — first Wayback Machine capture 2024-07-12; the page existed by then (4 monthly captures on record). modified_date: APPROXIMATE — rotating listing (directory, route or deals page); entries differ under every Wayback capture, so treated as updated at the run date"
2026-09-11,ai_overview,local_services,how much does it cost to hire a software developer to make a website for a small buisness in ocala florida,11,https://hostsb.com/small-business-website-cost-florida/,https://hostsb.com/small-business-website-cost-florida/,,False,,False,created_date: none — never archived by the Wayback Machine. modified_date: none — page declares no modified date; never archived by the Wayback Machine
2026-09-11,ai_overview,local_services,how much does it cost to hire a software developer to make a website for a small buisness in ocala florida,12,https://www.dotit.io/post/website-development-pricing-in-florida,https://www.dotit.io/post/website-development-pricing-in-florida,2024-04-29,False,2024-12-24,False,"created_date: declared by the page, Open Graph article:published_time, live fetch 2026-09-11. modified_date: declared by the page, Open Graph article:modified_time, live fetch 2026-09-11"
2026-09-11,ai_overview,local_services,how much does it cost to hire a software developer to make a website for a small buisness in ocala florida,13,https://projectcostestimator.com/freelance-website-cost,https://projectcostestimator.com/freelance-website-cost,2026-01-15,False,2026-08-07,False,"created_date: declared by the page, JSON-LD datePublished, live fetch 2026-09-11. modified_date: declared by the page, JSON-LD dateModified, live fetch 2026-09-11"
2026-09-11,ai_overview,local_services,how much does it cost to hire a software developer to make a website for a small buisness in ocala florida,14,https://crtech-solutions.com/how-much-does-a-website-cost-florida,https://crtech-solutions.com/how-much-does-a-website-cost-florida,,False,,False,created_date: none — never archived by the Wayback Machine. modified_date: none — page declares no modified date; never archived by the Wayback Machine
2026-09-11,ai_overview,finance,"What is the cheapest renters insurance policy that I can buy to satisfy this requirement: ""AM Best rating of A-VII""",1,https://www.usnews.com/insurance/renters-insurance/cheapest-renters-insurance-companies,https://www.usnews.com/insurance/renters-insurance/cheapest-renters-insurance-companies,2021-10-01,False,2026-09-01,False,"created_date: declared in the Wayback Machine capture of 2026-09-10, JSON-LD datePublished; the live page no longer declares it. modified_date: declared in the Wayback Machine capture of 2026-09-10, JSON-LD dateModified; the live page no longer declares it"
2026-09-11,ai_overview,finance,"What is the cheapest renters insurance policy that I can buy to satisfy this requirement: ""AM Best rating of A-VII""",2,https://insurify.com/renters-insurance/companies/allstate/,https://insurify.com/renters-insurance/companies/allstate/,2020-11-24,False,2025-11-24,False,"created_date: declared in the Wayback Machine capture of 2026-02-14, JSON-LD datePublished; the live page no longer declares it. modified_date: declared by the page, JSON-LD dateModified, fetched through a residential proxy on a later day after the direct fetch was refused"
2026-09-11,ai_overview,finance,"What is the cheapest renters insurance policy that I can buy to satisfy this requirement: ""AM Best rating of A-VII""",3,https://www.reddit.com/r/Insurance/comments/vro6k5/what_the_heck_is_avii_renters_insurnace/,https://www.reddit.com/r/Insurance/comments/vro6k5/what_the_heck_is_avii_renters_insurnace/,,False,,False,"platform page (Google surface, video or social); never states page dates; not checked"
2026-09-11,ai_overview,finance,"What is the cheapest renters insurance policy that I can buy to satisfy this requirement: ""AM Best rating of A-VII""",4,https://www.lawinsider.com/dictionary/am-best-rating-of-a-vii,https://www.lawinsider.com/dictionary/am-best-rating-of-a-vii,,False,2025-07-06,False,"created_date: none — page declares no publish date; not archived. modified_date: declared by the page, JSON-LD dateModified, live fetch 2026-09-11"
2026-09-11,ai_overview,wellness,"so as a 27 yo adult, how can i have more energy? i always seem to feel tired.",1,https://www.goodrx.com/well-being/sleep/why-tired-afternoon-slump?srsltid=AfmBOor6CcR1FWfJPqVCHYfYHynRHRT-ok_dSuO528FGuYv-PRcVU7KV,https://www.goodrx.com/well-being/sleep/why-tired-afternoon-slump?srsltid=AfmBOor6CcR1FWfJPqVCHYfYHynRHRT-ok_dSuO528FGuYv-PRcVU7KV,,False,,False,"platform page (Google surface, video or social); never states page dates; not checked"
2026-09-11,ai_overview,wellness,"so as a 27 yo adult, how can i have more energy? i always seem to feel tired.",2,https://www.medicalnewstoday.com/articles/323377,https://www.medicalnewstoday.com/articles/323377,2018-10-18,False,2025-03-21,False,"created_date: declared by the page, Open Graph article:published_time, live fetch 2026-09-11. modified_date: declared by the page, JSON-LD dateModified, live fetch 2026-09-11"
2026-09-11,ai_overview,wellness,"so as a 27 yo adult, how can i have more energy? i always seem to feel tired.",3,https://www.youtube.com/watch?v=B_pv9gTYCOw&t=11,https://www.youtube.com/watch?v=B_pv9gTYCOw&t=11,,False,,False,"platform page (Google surface, video or social); never states page dates; not checked"
2026-09-11,ai_overview,wellness,"so as a 27 yo adult, how can i have more energy? i always seem to feel tired.",4,https://www.healthline.com/nutrition/12-reasons-you-are-tired,https://www.healthline.com/nutrition/12-reasons-you-are-tired,2017-04-03,False,2026-07-31,False,"created_date: declared by the page, Open Graph article:published_time, live fetch 2026-09-11. modified_date: declared in the Wayback Machine capture of 2026-08-06, JSON-LD dateModified; the live page no longer declares it"
2026-09-11,ai_overview,wellness,"so as a 27 yo adult, how can i have more energy? i always seem to feel tired.",5,https://www.youtube.com/watch?v=LP4CUye2yHM&t=33,https://www.youtube.com/watch?v=LP4CUye2yHM&t=33,,False,,False,"platform page (Google surface, video or social); never states page dates; not checked"
2026-09-11,ai_overview,wellness,"so as a 27 yo adult, how can i have more energy? i always seem to feel tired.",6,https://www.nhs.uk/live-well/sleep-and-tiredness/self-help-tips-to-fight-fatigue/,https://www.nhs.uk/live-well/sleep-and-tiredness/self-help-tips-to-fight-fatigue/,2022-01-27,False,2025-11-11,False,"created_date: declared by the page, Open Graph article:published_time, live fetch 2026-09-11. modified_date: declared by the page, Open Graph article:modified_time, live fetch 2026-09-11"
2026-09-11,ai_overview,wellness,"so as a 27 yo adult, how can i have more energy? i always seem to feel tired.",7,https://www.youtube.com/watch?v=q0oK_mcpFzI,https://www.youtube.com/watch?v=q0oK_mcpFzI,,False,,False,"platform page (Google surface, video or social); never states page dates; not checked"
2026-09-11,ai_overview,wellness,"so as a 27 yo adult, how can i have more energy? i always seem to feel tired.",8,https://www.youtube.com/watch?v=EuCDe8-YpWk&t=672,https://www.youtube.com/watch?v=EuCDe8-YpWk&t=672,,False,,False,"platform page (Google surface, video or social); never states page dates; not checked"
2026-09-11,ai_overview,wellness,"so as a 27 yo adult, how can i have more energy? i always seem to feel tired.",9,https://www.goodrx.com/well-being/sleep/why-tired-afternoon-slump,https://www.goodrx.com/well-being/sleep/why-tired-afternoon-slump,,False,,False,"platform page (Google surface, video or social); never states page dates; not checked"
2026-09-11,ai_overview,saas,Competitor of Deel,1,https://workmotion.com/blog/deel-competitors/,https://workmotion.com/blog/deel-competitors/,2026-05-24,False,2026-05-24,False,"created_date: declared by the page, Open Graph article:published_time, live fetch 2026-09-11. modified_date: declared in the Wayback Machine capture of 2026-06-11, JSON-LD dateModified; the live page no longer declares it"
2026-09-11,ai_overview,saas,Competitor of Deel,2,https://www.teamed.global/compare/deel-alternatives,https://www.teamed.global/compare/deel-alternatives,2026-06-09,False,2026-07-22,False,"created_date: declared by the page, JSON-LD datePublished, live fetch 2026-09-11. modified_date: declared by the page, JSON-LD dateModified, live fetch 2026-09-11"
2026-09-11,ai_overview,saas,Competitor of Deel,3,https://www.g2.com/products/deel-payroll/competitors/alternatives,https://www.g2.com/products/deel-payroll/competitors/alternatives,,False,,False,created_date: none — never archived by the Wayback Machine. modified_date: none — page declares no modified date; never archived by the Wayback Machine
2026-09-11,ai_overview,saas,Competitor of Deel,4,https://www.atlashxm.com/best-deel-alternatives,https://www.atlashxm.com/best-deel-alternatives,,False,,False,created_date: none — page declares no publish date. modified_date: none — page declares no modified date; Wayback fetch error
2026-09-11,ai_overview,saas,Competitor of Deel,5,https://www.wingspan.app/alternatives/deel,https://www.wingspan.app/alternatives/deel,2026-08-11,False,2026-08-11,False,"created_date: declared by the page, Open Graph article:published_time, live fetch 2026-09-11. modified_date: declared by the page, Open Graph article:modified_time, live fetch 2026-09-11"
2026-09-11,ai_overview,saas,Competitor of Deel,6,https://juicebox.ai/blog/deel-alternatives,https://juicebox.ai/blog/deel-alternatives,2026-01-06,False,2026-08-25,False,"created_date: declared by the page, JSON-LD datePublished, live fetch 2026-09-11. modified_date: declared by the page, JSON-LD dateModified, live fetch 2026-09-11"
2026-09-11,ai_overview,saas,Competitor of Deel,7,https://www.remotepass.com/blog/deel-alternatives,https://www.remotepass.com/blog/deel-alternatives,2026-04-26,False,2026-05-06,False,"created_date: declared by the page, Open Graph article:published_time, live fetch 2026-09-11. modified_date: declared by the page, Open Graph article:modified_time, live fetch 2026-09-11"
2026-09-11,ai_overview,travel,"im looking for wedding venues in the yarra valley victoria, what packages and prices are out there?",1,https://www.easyweddings.com.au/WeddingVenues/YarraValley/,https://www.easyweddings.com.au/WeddingVenues/YarraValley/,2009-10-08,True,2026-06-09,True,"created_date: APPROXIMATE, upper bound — first Wayback Machine capture 2009-10-08; the page existed by then (52 monthly captures on record). modified_date: APPROXIMATE — article prose changed between the Wayback Machine capture of 2026-03-07 and the live page; midpoint reported, window 187 days, 5 captures compared"
2026-09-11,ai_overview,travel,"im looking for wedding venues in the yarra valley victoria, what packages and prices are out there?",2,https://ivorytribe.com.au/yarra-valley-wedding-venues/,https://ivorytribe.com.au/yarra-valley-wedding-venues/,2025-06-24,False,2026-04-28,False,"created_date: declared by the page, Open Graph article:published_time, live fetch 2026-09-11. modified_date: declared by the page, Open Graph article:modified_time, live fetch 2026-09-11"
2026-09-11,ai_overview,travel,"im looking for wedding venues in the yarra valley victoria, what packages and prices are out there?",3,https://www.treephotovideo.net.au/yarra-valley-wedding-venues/,https://www.treephotovideo.net.au/yarra-valley-wedding-venues/,2020-04-01,False,2025-12-13,False,"created_date: declared by the page, Open Graph article:published_time, live fetch 2026-09-11. modified_date: declared by the page, Open Graph article:modified_time, live fetch 2026-09-11"
2026-09-11,ai_overview,travel,"im looking for wedding venues in the yarra valley victoria, what packages and prices are out there?",4,https://www.google.com/searchviewer/10?svid=CAwSHRIbCgNwdnESFENnMHZaeTh4TVdNd2QyTjBjekkyGAo,https://www.google.com/searchviewer/10?svid=CAwSHRIbCgNwdnESFENnMHZaeTh4TVdNd2QyTjBjekkyGAo,,False,,False,"platform page (Google surface, video or social); never states page dates; not checked"
2026-09-11,ai_overview,travel,"im looking for wedding venues in the yarra valley victoria, what packages and prices are out there?",5,https://www.google.com/searchviewer/10?svid=CAwSHRIbCgNwdnESFENnMHZaeTh4TVdJM2NGOHpZbUptGAo,https://www.google.com/searchviewer/10?svid=CAwSHRIbCgNwdnESFENnMHZaeTh4TVdJM2NGOHpZbUptGAo,,False,,False,"platform page (Google surface, video or social); never states page dates; not checked"
2026-09-11,ai_overview,travel,"im looking for wedding venues in the yarra valley victoria, what packages and prices are out there?",6,https://www.google.com/searchviewer/10?svid=CAwSGxIZCgNwdnESEkNnc3ZaeTh4ZEdaeGJHbzJlZxgK,https://www.google.com/searchviewer/10?svid=CAwSGxIZCgNwdnESEkNnc3ZaeTh4ZEdaeGJHbzJlZxgK,,False,,False,"platform page (Google surface, video or social); never states page dates; not checked"
2026-09-11,ai_overview,travel,"im looking for wedding venues in the yarra valley victoria, what packages and prices are out there?",7,https://www.google.com/searchviewer/10?svid=CAwSGxIZCgNwdnESEkNnc3ZaeTh4ZHpFMWVtdzVadxgK,https://www.google.com/searchviewer/10?svid=CAwSGxIZCgNwdnESEkNnc3ZaeTh4ZHpFMWVtdzVadxgK,,False,,False,"platform page (Google surface, video or social); never states page dates; not checked"
2026-09-11,ai_overview,travel,"im looking for wedding venues in the yarra valley victoria, what packages and prices are out there?",8,https://www.google.com/searchviewer/10?svid=CAwSGRIXCgNwdnESEENnb3ZiUzh3YXpKeGRETngYCg,https://www.google.com/searchviewer/10?svid=CAwSGRIXCgNwdnESEENnb3ZiUzh3YXpKeGRETngYCg,,False,,False,"platform page (Google surface, video or social); never states page dates; not checked"
2026-09-11,ai_overview,travel,"im looking for wedding venues in the yarra valley victoria, what packages and prices are out there?",9,https://www.google.com/searchviewer/10?svid=CAwSHRIbCgNwdnESFENnMHZaeTh4TVdoamVWOTZNbll4GAo,https://www.google.com/searchviewer/10?svid=CAwSHRIbCgNwdnESFENnMHZaeTh4TVdoamVWOTZNbll4GAo,,False,,False,"platform page (Google surface, video or social); never states page dates; not checked"
2026-09-11,ai_overview,travel,"im looking for wedding venues in the yarra valley victoria, what packages and prices are out there?",10,https://www.google.com/searchviewer/10?svid=CAwSGxIZCgNwdnESEkNnc3ZaeTh4ZEcwMk9URjBiQRgK,https://www.google.com/searchviewer/10?svid=CAwSGxIZCgNwdnESEkNnc3ZaeTh4ZEcwMk9URjBiQRgK,,False,,False,"platform page (Google surface, video or social); never states page dates; not checked"
2026-09-11,ai_overview,finance,which sectoral mutual funds would be best in india for the next 7 years to get the highest gain?,1,https://groww.in/mutual-funds/category/best-thematic-mutual-funds,https://groww.in/mutual-funds/category/best-thematic-mutual-funds,2025-10-03,True,2026-09-10,True,"created_date: APPROXIMATE, upper bound — first Wayback Machine capture 2025-10-03; the page existed by then (11 monthly captures on record). modified_date: APPROXIMATE — article prose changed between the Wayback Machine capture of 2026-09-10 and the live page; midpoint reported, window 0 days, 4 captures compared"
2026-09-11,ai_overview,finance,which sectoral mutual funds would be best in india for the next 7 years to get the highest gain?,2,https://groww.in/mutual-funds/category/best-sectoral-mutual-funds,https://groww.in/mutual-funds/category/best-sectoral-mutual-funds,2025-10-03,True,2026-09-10,True,"created_date: APPROXIMATE, upper bound — first Wayback Machine capture 2025-10-03; the page existed by then (10 monthly captures on record). modified_date: APPROXIMATE — article prose changed between the Wayback Machine capture of 2026-09-10 and the live page; midpoint reported, window 0 days, 4 captures compared"
2026-09-11,ai_overview,finance,which sectoral mutual funds would be best in india for the next 7 years to get the highest gain?,3,https://www.youtube.com/watch?v=sz6sHgm_2ao,https://www.youtube.com/watch?v=sz6sHgm_2ao,,False,,False,"platform page (Google surface, video or social); never states page dates; not checked"
2026-09-11,ai_overview,finance,which sectoral mutual funds would be best in india for the next 7 years to get the highest gain?,4,https://www.advisorkhoj.com/mutual-funds-research/top-consistent-mutual-fund-performers,https://www.advisorkhoj.com/mutual-funds-research/top-consistent-mutual-fund-performers,2017-07-10,True,2022-08-24,True,"created_date: APPROXIMATE, upper bound — first Wayback Machine capture 2017-07-10; the page existed by then (24 monthly captures on record). modified_date: APPROXIMATE — article prose changed between the Wayback Machine capture of 2022-07-05 and the Wayback capture of 2022-10-13; midpoint reported, window 99 days, 5 captures compared"
2026-09-11,ai_overview,finance,which sectoral mutual funds would be best in india for the next 7 years to get the highest gain?,5,https://www.reddit.com/r/mutualfunds/comments/1jbn7wb/which_sector_funds_are_good_for_10_yrs/,https://www.reddit.com/r/mutualfunds/comments/1jbn7wb/which_sector_funds_are_good_for_10_yrs/,,False,,False,"platform page (Google surface, video or social); never states page dates; not checked"
2026-09-11,ai_overview,finance,which sectoral mutual funds would be best in india for the next 7 years to get the highest gain?,6,https://anandrathi.com/mutual-funds/equity/sectoral-funds,https://anandrathi.com/mutual-funds/equity/sectoral-funds,2026-06-13,True,2026-06-13,True,"created_date: APPROXIMATE, upper bound — first Wayback Machine capture 2026-06-13; the page existed by then (1 monthly captures on record). modified_date: APPROXIMATE, upper bound — article prose identical to the first Wayback Machine capture 2026-06-13; the last edit predates the archive"
2026-09-11,ai_overview,finance,which sectoral mutual funds would be best in india for the next 7 years to get the highest gain?,7,https://www.tickertape.in/mutualfunds/collections/sectoral-mutual-funds,https://www.tickertape.in/mutualfunds/collections/sectoral-mutual-funds,2026-03-24,False,2026-04-22,False,"created_date: declared by the page, JSON-LD datePublished, live fetch 2026-09-11. modified_date: declared by the page, JSON-LD dateModified, live fetch 2026-09-11"
2026-09-11,ai_overview,finance,which sectoral mutual funds would be best in india for the next 7 years to get the highest gain?,8,https://www.policybazaar.com/sip/sip-plans-for-7-years/,https://www.policybazaar.com/sip/sip-plans-for-7-years/,2022-06-25,True,,False,"created_date: APPROXIMATE, upper bound — first Wayback Machine capture 2022-06-25; the page existed by then (7 monthly captures on record). modified_date: none — page declares no modified date; live fetch refused and no recent Wayback capture to stand in"
2026-09-11,chatgpt,travel,"generate flight suggestions for traveling from trichy to chennai, departing tomorrow and returning in 5 days. include approximate pricing and recommended airlines.",1,https://www.goindigo.in/domestic-flights/tiruchirappalli-to-chennai-flights.html?utm_source=chatgpt.com,https://www.goindigo.in/domestic-flights/tiruchirappalli-to-chennai-flights.html?utm_source=chatgpt.com,2020-09-21,True,,False,"created_date: APPROXIMATE, upper bound — first Wayback Machine capture 2020-09-21; the page existed by then (11 monthly captures on record). modified_date: none — page declares no modified date; live fetch refused and no recent Wayback capture to stand in"
2026-09-11,chatgpt,travel,"generate flight suggestions for traveling from trichy to chennai, departing tomorrow and returning in 5 days. include approximate pricing and recommended airlines.",2,https://www.ixigo.com/cheap-flights/tiruchirapalli-chennai-trz-maa?utm_source=chatgpt.com,https://www.ixigo.com/cheap-flights/tiruchirapalli-chennai-trz-maa?utm_source=chatgpt.com,2021-08-01,True,2024-10-17,True,"created_date: APPROXIMATE, upper bound — first Wayback Machine capture 2021-08-01; the page existed by then (17 monthly captures on record). modified_date: APPROXIMATE — article prose changed between the Wayback Machine capture of 2024-07-18 and the Wayback capture of 2025-01-16; midpoint reported, window 182 days, 4 captures compared"
2026-09-11,chatgpt,travel,"generate flight suggestions for traveling from trichy to chennai, departing tomorrow and returning in 5 days. include approximate pricing and recommended airlines.",3,https://www.expedia.com/lp/flights/trz/maa/tiruchirappalli-to-chennai?utm_source=chatgpt.com,https://www.expedia.com/lp/flights/trz/maa/tiruchirappalli-to-chennai?utm_source=chatgpt.com,,False,,False,created_date: none — never archived by the Wayback Machine. modified_date: none — page declares no modified date; never archived by the Wayback Machine
2026-09-11,chatgpt,travel,"generate flight suggestions for traveling from trichy to chennai, departing tomorrow and returning in 5 days. include approximate pricing and recommended airlines.",4,https://flights.airindiaexpress.com/en-in/tiruchirappalli-to-chennai-flights?utm_source=chatgpt.com,https://flights.airindiaexpress.com/en-in/tiruchirappalli-to-chennai-flights?utm_source=chatgpt.com,,False,,False,created_date: none — never archived by the Wayback Machine. modified_date: none — page declares no modified date; never archived by the Wayback Machine
2026-09-11,chatgpt,travel,"generate flight suggestions for traveling from trichy to chennai, departing tomorrow and returning in 5 days. include approximate pricing and recommended airlines.",5,https://timesofindia.indiatimes.com/city/trichy/chennaitrichy-flight-fares-soar-amid-holiday-demand/articleshow/134075520.cms?utm_source=chatgpt.com,https://timesofindia.indiatimes.com/city/trichy/chennaitrichy-flight-fares-soar-amid-holiday-demand/articleshow/134075520.cms?utm_source=chatgpt.com,2026-09-11,False,2026-09-11,False,"created_date: declared by the page, JSON-LD datePublished, live fetch 2026-09-11. modified_date: declared by the page, JSON-LD dateModified, fetched through a residential proxy on a later day after the direct fetch was refused"
2026-09-11,chatgpt,wellness,best iranan center for hair removal laser,1,https://www.austinlasersolutions.com/location/downtown-austin/?utm_source=chatgpt.com,https://www.austinlasersolutions.com/location/downtown-austin/?utm_source=chatgpt.com,,False,2026-09-08,False,"created_date: none — page declares no publish date; not archived. modified_date: declared by the page, Open Graph article:modified_time, live fetch 2026-09-11"
2026-09-11,chatgpt,wellness,best iranan center for hair removal laser,2,https://alitelaser.com/locations/austin/?utm_source=chatgpt.com,https://alitelaser.com/locations/austin/?utm_source=chatgpt.com,2022-06-21,False,,False,"created_date: declared in the Wayback Machine capture of 2022-07-07, JSON-LD datePublished; the live page no longer declares it. modified_date: none — page declares no modified date; live fetch refused and no recent Wayback capture to stand in"
2026-09-11,chatgpt,shopping,explain the difference between snapdragon 7+ gen 3 and dimensity 8300,1,https://www.qualcomm.com/smartphones/products/7-series/snapdragon-7-gen-3-mobile-platform?utm_source=chatgpt.com,https://www.qualcomm.com/smartphones/products/7-series/snapdragon-7-gen-3-mobile-platform?utm_source=chatgpt.com,2025-11-14,True,,False,"created_date: APPROXIMATE, upper bound — first Wayback Machine capture 2025-11-14; the page existed by then (6 monthly captures on record). modified_date: none — page declares no modified date; no extractable prose (JS-rendered, PDF or bot wall), so captures cannot be compared"
2026-09-11,chatgpt,shopping,explain the difference between snapdragon 7+ gen 3 and dimensity 8300,2,https://docs.qualcomm.com/bundle/publicresource/87-64372-1_REV_A_Snapdragon_7_gen_3_Mobile_Platform_Product_Brief.pdf?utm_source=chatgpt.com,https://docs.qualcomm.com/bundle/publicresource/87-64372-1_REV_A_Snapdragon_7_gen_3_Mobile_Platform_Product_Brief.pdf?utm_source=chatgpt.com,2023-11-17,True,,False,"created_date: APPROXIMATE, upper bound — first Wayback Machine capture 2023-11-17; the page existed by then (5 monthly captures on record). modified_date: none — page declares no modified date; no extractable prose (JS-rendered, PDF or bot wall), so captures cannot be compared"
2026-09-11,chatgpt,shopping,explain the difference between snapdragon 7+ gen 3 and dimensity 8300,3,https://www.mediatek.com/products/smartphones/mediatek-dimensity-8300?utm_source=chatgpt.com,https://www.mediatek.com/products/smartphones/mediatek-dimensity-8300?utm_source=chatgpt.com,2024-11-07,True,2024-11-07,True,"created_date: APPROXIMATE, upper bound — first Wayback Machine capture 2024-11-07; the page existed by then (17 monthly captures on record). modified_date: APPROXIMATE, upper bound — article prose identical to the first Wayback Machine capture 2024-11-07; the last edit predates the archive"
2026-09-11,chatgpt,shopping,explain the difference between snapdragon 7+ gen 3 and dimensity 8300,4,https://i.mediatek.com/dimensity-8300/?utm_source=chatgpt.com,https://i.mediatek.com/dimensity-8300/?utm_source=chatgpt.com,2025-08-06,True,2026-09-11,True,"created_date: APPROXIMATE, upper bound — first Wayback Machine capture 2025-08-06; the page existed by then (2 monthly captures on record). modified_date: APPROXIMATE — rotating listing (directory, route or deals page); entries differ under every Wayback capture, so treated as updated at the run date"
2026-09-11,chatgpt,saas,"Acting as a DBA engineer, what are the pro/cons with Mulesoft vs Microsoft SSIS ?",1,https://learn.microsoft.com/en-us/Sql/integration-services/sql-server-integration-services?view=sql-server-linux-ver17&utm_source=chatgpt.com,https://learn.microsoft.com/en-us/Sql/integration-services/sql-server-integration-services?view=sql-server-linux-ver17&utm_source=chatgpt.com,,False,,False,"created_date: none — never archived by the Wayback Machine. modified_date: none — only an HTTP Last-Modified header (deploy time, not an edit); never archived by the Wayback Machine"
2026-09-11,chatgpt,saas,"Acting as a DBA engineer, what are the pro/cons with Mulesoft vs Microsoft SSIS ?",2,https://www.mulesoft.com/platform/anypoint-platform-features?utm_source=chatgpt.com,https://www.mulesoft.com/platform/anypoint-platform-features?utm_source=chatgpt.com,2022-07-05,True,,False,"created_date: APPROXIMATE, upper bound — first Wayback Machine capture 2022-07-05; the page existed by then (28 monthly captures on record). modified_date: none — page declares no modified date; no extractable prose (JS-rendered, PDF or bot wall), so captures cannot be compared"
2026-09-11,chatgpt,saas,"Acting as a DBA engineer, what are the pro/cons with Mulesoft vs Microsoft SSIS ?",3,https://www.mulesoft.com/platform/enterprise-integration?utm_source=chatgpt.com,https://www.mulesoft.com/platform/enterprise-integration?utm_source=chatgpt.com,2025-10-06,False,2026-05-28,False,"created_date: declared by the page, JSON-LD datePublished, live fetch 2026-09-11. modified_date: declared by the page, JSON-LD dateModified, live fetch 2026-09-11"
2026-09-11,chatgpt,saas,"Acting as a DBA engineer, what are the pro/cons with Mulesoft vs Microsoft SSIS ?",4,https://docs.mulesoft.com/connectors/introduction/introduction-to-anypoint-connectors?utm_source=chatgpt.com,https://docs.mulesoft.com/connectors/introduction/introduction-to-anypoint-connectors?utm_source=chatgpt.com,2020-08-12,True,2025-11-03,True,"created_date: APPROXIMATE, upper bound — first Wayback Machine capture 2020-08-12; the page existed by then (27 monthly captures on record). modified_date: APPROXIMATE — article prose changed between the Wayback Machine capture of 2025-10-24 and the Wayback capture of 2025-11-13; midpoint reported, window 19 days, 5 captures compared"
2026-09-11,chatgpt,finance,What is the best strategy in managing credit card debt while growing a credit score?,1,https://www.consumerfinance.gov/ask-cfpb/how-do-i-get-and-keep-a-good-credit-score-en-318/?utm_source=chatgpt.com,https://www.consumerfinance.gov/ask-cfpb/how-do-i-get-and-keep-a-good-credit-score-en-318/?utm_source=chatgpt.com,2017-07-05,True,2024-12-22,True,"created_date: APPROXIMATE, upper bound — first Wayback Machine capture 2017-07-05; the page existed by then (98 monthly captures on record). modified_date: APPROXIMATE — article prose changed between the Wayback Machine capture of 2024-12-04 and the Wayback capture of 2025-01-09; midpoint reported, window 35 days, 7 captures compared"
2026-09-11,chatgpt,finance,What is the best strategy in managing credit card debt while growing a credit score?,2,https://www.myfico.com/credit-education-static/doc/education/myFICO_YCS_Booklet.pdf?utm_source=chatgpt.com,https://www.myfico.com/credit-education-static/doc/education/myFICO_YCS_Booklet.pdf?utm_source=chatgpt.com,2022-06-25,True,,False,"created_date: APPROXIMATE, upper bound — first Wayback Machine capture 2022-06-25; the page existed by then (2 monthly captures on record). modified_date: none — only an HTTP Last-Modified header (deploy time, not an edit); no extractable prose (JS-rendered, PDF or bot wall), so captures cannot be compared"
2026-09-11,chatgpt,finance,What is the best strategy in managing credit card debt while growing a credit score?,3,https://www.myfico.com/credit-education/credit-scores/amount-of-debt?utm_source=chatgpt.com,https://www.myfico.com/credit-education/credit-scores/amount-of-debt?utm_source=chatgpt.com,2019-01-17,True,2020-04-20,True,"created_date: APPROXIMATE, upper bound — first Wayback Machine capture 2019-01-17; the page existed by then (77 monthly captures on record). modified_date: APPROXIMATE — article prose changed between the Wayback Machine capture of 2020-04-04 and the Wayback capture of 2020-05-05; midpoint reported, window 30 days, 6 captures compared"
2026-09-11,chatgpt,finance,What is the best strategy in managing credit card debt while growing a credit score?,4,https://www.myfico.com/credit-education/credit-scores/fico-scores-credit-limit?utm_source=chatgpt.com,https://www.myfico.com/credit-education/credit-scores/fico-scores-credit-limit?utm_source=chatgpt.com,2019-08-22,True,2024-01-23,True,"created_date: APPROXIMATE, upper bound — first Wayback Machine capture 2019-08-22; the page existed by then (23 monthly captures on record). modified_date: APPROXIMATE — article prose changed between the Wayback Machine capture of 2023-11-30 and the Wayback capture of 2024-03-18; midpoint reported, window 108 days, 4 captures compared"
2026-09-11,chatgpt,finance,What is the best strategy in managing credit card debt while growing a credit score?,5,https://www.myfico.com/credit-education/blog/carry-credit-card-balance-myth?utm_source=chatgpt.com,https://www.myfico.com/credit-education/blog/carry-credit-card-balance-myth?utm_source=chatgpt.com,2023-05-08,False,2025-09-25,False,"created_date: declared by the page, Open Graph article:published_time, live fetch 2026-09-11. modified_date: declared by the page, Open Graph article:modified_time, live fetch 2026-09-11"
2026-09-11,chatgpt,finance,What is the best strategy in managing credit card debt while growing a credit score?,6,https://www.myfico.com/credit-education/blog/accounts-credit-utilization-ratio?utm_source=chatgpt.com,https://www.myfico.com/credit-education/blog/accounts-credit-utilization-ratio?utm_source=chatgpt.com,2024-06-24,False,2025-09-25,False,"created_date: declared by the page, Open Graph article:published_time, live fetch 2026-09-11. modified_date: declared by the page, Open Graph article:modified_time, live fetch 2026-09-11"
2026-09-11,chatgpt,finance,What is the best strategy in managing credit card debt while growing a credit score?,7,https://www.consumerfinance.gov/ask-cfpb/will-paying-off-my-credit-card-balance-every-month-improve-my-score-en-1293/?utm_source=chatgpt.com,https://www.consumerfinance.gov/ask-cfpb/will-paying-off-my-credit-card-balance-every-month-improve-my-score-en-1293/?utm_source=chatgpt.com,2017-07-06,True,2023-04-24,True,"created_date: APPROXIMATE, upper bound — first Wayback Machine capture 2017-07-06; the page existed by then (67 monthly captures on record). modified_date: APPROXIMATE — article prose changed between the Wayback Machine capture of 2019-12-05 and the live page; midpoint reported, window 2471 days, 1 captures compared"
2026-09-11,chatgpt,finance,What is the best strategy in managing credit card debt while growing a credit score?,8,https://www.consumerfinance.gov/consumer-tools/credit-reports-and-scores/how-to-rebuild-your-credit/?utm_source=chatgpt.com,https://www.consumerfinance.gov/consumer-tools/credit-reports-and-scores/how-to-rebuild-your-credit/?utm_source=chatgpt.com,2025-06-21,True,2025-06-21,True,"created_date: APPROXIMATE, upper bound — first Wayback Machine capture 2025-06-21; the page existed by then (9 monthly captures on record). modified_date: APPROXIMATE, upper bound — article prose identical to the first Wayback Machine capture 2025-06-21; the last edit predates the archive"
2026-09-11,chatgpt,finance,What is the best strategy in managing credit card debt while growing a credit score?,9,https://www.consumerfinance.gov/ask-cfpb/what-do-i-need-to-know-if-im-thinking-about-consolidating-my-credit-card-debt-en-1861/?utm_source=chatgpt.com,https://www.consumerfinance.gov/ask-cfpb/what-do-i-need-to-know-if-im-thinking-about-consolidating-my-credit-card-debt-en-1861/?utm_source=chatgpt.com,2017-10-27,True,2023-07-26,True,"created_date: APPROXIMATE, upper bound — first Wayback Machine capture 2017-10-27; the page existed by then (87 monthly captures on record). modified_date: APPROXIMATE — article prose changed between the Wayback Machine capture of 2023-06-17 and the Wayback capture of 2023-09-03; midpoint reported, window 77 days, 8 captures compared"
2026-09-11,chatgpt,wellness,"i had a dental procedure and its still bleeding, what can i use to help with it? where do i get it and how much does it cost?",1,https://myoms.org/what-we-do/wisdom-teeth-management/wisdom-tooth-extraction-postoperative-instructions/?utm_source=chatgpt.com,https://myoms.org/what-we-do/wisdom-teeth-management/wisdom-tooth-extraction-postoperative-instructions/?utm_source=chatgpt.com,2025-06-04,False,2025-06-20,False,"created_date: declared in the Wayback Machine capture of 2025-06-22, Open Graph article:published_time; the live page no longer declares it. modified_date: declared in the Wayback Machine capture of 2025-06-22, Open Graph article:modified_time; the live page no longer declares it"
2026-09-11,chatgpt,wellness,"i had a dental procedure and its still bleeding, what can i use to help with it? where do i get it and how much does it cost?",2,https://www.mouthhealthy.org/all-topics-a-z/extractions?utm_source=chatgpt.com,https://www.mouthhealthy.org/all-topics-a-z/extractions?utm_source=chatgpt.com,2022-12-03,True,2022-12-03,True,"created_date: APPROXIMATE, upper bound — first Wayback Machine capture 2022-12-03; the page existed by then (34 monthly captures on record). modified_date: APPROXIMATE, upper bound — article prose identical to the first Wayback Machine capture 2022-12-03; the last edit predates the archive"
2026-09-11,chatgpt,wellness,"i had a dental procedure and its still bleeding, what can i use to help with it? where do i get it and how much does it cost?",3,https://pmc.ncbi.nlm.nih.gov/articles/PMC12156675/?utm_source=chatgpt.com,https://pmc.ncbi.nlm.nih.gov/articles/PMC12156675/?utm_source=chatgpt.com,2025-12-18,True,2026-09-11,True,"created_date: APPROXIMATE, upper bound — first Wayback Machine capture 2025-12-18; the page existed by then (2 monthly captures on record). modified_date: APPROXIMATE — rotating listing (directory, route or deals page); entries differ under every Wayback capture, so treated as updated at the run date"
2026-09-11,chatgpt,wellness,"i had a dental procedure and its still bleeding, what can i use to help with it? where do i get it and how much does it cost?",4,https://www.ada.org/resources/ada-library/oral-health-topics/oral-anticoagulant-and-antiplatelet-medications-and-dental-procedures?utm_source=chatgpt.com,https://www.ada.org/resources/ada-library/oral-health-topics/oral-anticoagulant-and-antiplatelet-medications-and-dental-procedures?utm_source=chatgpt.com,2024-04-13,True,2026-09-11,True,"created_date: APPROXIMATE, upper bound — first Wayback Machine capture 2024-04-13; the page existed by then (19 monthly captures on record). modified_date: APPROXIMATE — rotating listing (directory, route or deals page); entries differ under every Wayback capture, so treated as updated at the run date"
2026-09-11,chatgpt,travel,"what is the best way to get from london to paris but not get on a plane, list me 3 other ways",1,https://www.eurostar.com/uk-en/train/london-to-paris?utm_source=chatgpt.com,https://www.eurostar.com/uk-en/train/london-to-paris?utm_source=chatgpt.com,2023-09-25,True,2026-01-30,True,"created_date: APPROXIMATE, upper bound — first Wayback Machine capture 2023-09-25; the page existed by then (35 monthly captures on record). modified_date: APPROXIMATE — article prose changed between the Wayback Machine capture of 2026-01-23 and the Wayback capture of 2026-02-06; midpoint reported, window 13 days, 5 captures compared"
2026-09-11,chatgpt,travel,"what is the best way to get from london to paris but not get on a plane, list me 3 other ways",2,https://www.eurostar.com/us-en/train/london-to-paris?utm_source=chatgpt.com,https://www.eurostar.com/us-en/train/london-to-paris?utm_source=chatgpt.com,2023-09-26,True,2025-11-20,True,"created_date: APPROXIMATE, upper bound — first Wayback Machine capture 2023-09-26; the page existed by then (35 monthly captures on record). modified_date: APPROXIMATE — article prose changed between the Wayback Machine capture of 2025-11-08 and the Wayback capture of 2025-12-03; midpoint reported, window 24 days, 6 captures compared"
2026-09-11,chatgpt,finance,"What is the cheapest way to get dollars for the trip beforehand? Or how should I pay there, as I am from Germany",1,https://www.verbraucherzentrale.de/wissen/geld-versicherungen/kredit-schulden-insolvenz/kreditkarte-oder-debitkarte-das-sind-die-unterschiede-65038?utm_source=chatgpt.com,https://www.verbraucherzentrale.de/wissen/geld-versicherungen/kredit-schulden-insolvenz/kreditkarte-oder-debitkarte-das-sind-die-unterschiede-65038?utm_source=chatgpt.com,2021-11-08,True,2026-07-14,True,"created_date: APPROXIMATE, upper bound — first Wayback Machine capture 2021-11-08; the page existed by then (29 monthly captures on record). modified_date: APPROXIMATE — article prose changed between the Wayback Machine capture of 2026-05-17 and the live page; midpoint reported, window 117 days, 5 captures compared"
2026-09-11,chatgpt,finance,"What is the cheapest way to get dollars for the trip beforehand? Or how should I pay there, as I am from Germany",2,https://www.verbraucherzentrale.de/wissen/reise-mobilitaet/urlaub-buchen/bargeld-karten-reiseschecks-das-richtige-zahlungsmittel-im-ausland-10715?utm_source=chatgpt.com,https://www.verbraucherzentrale.de/wissen/reise-mobilitaet/urlaub-buchen/bargeld-karten-reiseschecks-das-richtige-zahlungsmittel-im-ausland-10715?utm_source=chatgpt.com,2019-04-08,True,2026-06-09,True,"created_date: APPROXIMATE, upper bound — first Wayback Machine capture 2019-04-08; the page existed by then (32 monthly captures on record). modified_date: APPROXIMATE — article prose changed between the Wayback Machine capture of 2026-03-14 and the Wayback capture of 2026-09-05; midpoint reported, window 175 days, 6 captures compared"
2026-09-11,chatgpt,finance,"What is the cheapest way to get dollars for the trip beforehand? Or how should I pay there, as I am from Germany",3,https://www.visa.com/en-us/personal/travel/travel-cards-and-foreign-transactions?utm_source=chatgpt.com,https://www.visa.com/en-us/personal/travel/travel-cards-and-foreign-transactions?utm_source=chatgpt.com,2026-07-07,True,2026-07-07,True,"created_date: APPROXIMATE, upper bound — first Wayback Machine capture 2026-07-07; the page existed by then (2 monthly captures on record). modified_date: APPROXIMATE, upper bound — article prose identical to the first Wayback Machine capture 2026-07-07; the last edit predates the archive"
2026-09-11,chatgpt,finance,"What is the cheapest way to get dollars for the trip beforehand? Or how should I pay there, as I am from Germany",4,https://www.visa.com/en-us/personal/travel/dynamic-currency-conversion?utm_source=chatgpt.com,https://www.visa.com/en-us/personal/travel/dynamic-currency-conversion?utm_source=chatgpt.com,2026-07-20,True,2026-07-20,True,"created_date: APPROXIMATE, upper bound — first Wayback Machine capture 2026-07-20; the page existed by then (2 monthly captures on record). modified_date: APPROXIMATE, upper bound — article prose identical to the first Wayback Machine capture 2026-07-20; the last edit predates the archive"
2026-09-11,chatgpt,wellness,"I want you to compare in general and highlight the effectivenes, cost, time period, advantages/disadvantages of the following three options for hair growth: dermaroller (2-3 times a week), dermaroller (2-3 times a week)+ minoxidil (daily once), hair transplant.",1,https://pubmed.ncbi.nlm.nih.gov/34854067/?utm_source=chatgpt.com,https://pubmed.ncbi.nlm.nih.gov/34854067/?utm_source=chatgpt.com,2022-03-19,True,,False,"created_date: APPROXIMATE, upper bound — first Wayback Machine capture 2022-03-19; the page existed by then (16 monthly captures on record). modified_date: none — page declares no modified date; no extractable prose (JS-rendered, PDF or bot wall), so captures cannot be compared"
2026-09-11,chatgpt,wellness,"I want you to compare in general and highlight the effectivenes, cost, time period, advantages/disadvantages of the following three options for hair growth: dermaroller (2-3 times a week), dermaroller (2-3 times a week)+ minoxidil (daily once), hair transplant.",2,https://pubmed.ncbi.nlm.nih.gov/42190753/?utm_source=chatgpt.com,https://pubmed.ncbi.nlm.nih.gov/42190753/?utm_source=chatgpt.com,,False,,False,created_date: none — never archived by the Wayback Machine. modified_date: none — page declares no modified date; never archived by the Wayback Machine
2026-09-11,chatgpt,wellness,"I want you to compare in general and highlight the effectivenes, cost, time period, advantages/disadvantages of the following three options for hair growth: dermaroller (2-3 times a week), dermaroller (2-3 times a week)+ minoxidil (daily once), hair transplant.",3,https://pubmed.ncbi.nlm.nih.gov/40056230/?utm_source=chatgpt.com,https://pubmed.ncbi.nlm.nih.gov/40056230/?utm_source=chatgpt.com,2025-05-28,True,,False,"created_date: APPROXIMATE, upper bound — first Wayback Machine capture 2025-05-28; the page existed by then (1 monthly captures on record). modified_date: none — page declares no modified date; no extractable prose (JS-rendered, PDF or bot wall), so captures cannot be compared"
2026-09-11,chatgpt,wellness,"I want you to compare in general and highlight the effectivenes, cost, time period, advantages/disadvantages of the following three options for hair growth: dermaroller (2-3 times a week), dermaroller (2-3 times a week)+ minoxidil (daily once), hair transplant.",4,https://pubmed.ncbi.nlm.nih.gov/37665358/?utm_source=chatgpt.com,https://pubmed.ncbi.nlm.nih.gov/37665358/?utm_source=chatgpt.com,2024-05-21,True,,False,"created_date: APPROXIMATE, upper bound — first Wayback Machine capture 2024-05-21; the page existed by then (6 monthly captures on record). modified_date: none — page declares no modified date; no extractable prose (JS-rendered, PDF or bot wall), so captures cannot be compared"
2026-09-11,chatgpt,wellness,"I want you to compare in general and highlight the effectivenes, cost, time period, advantages/disadvantages of the following three options for hair growth: dermaroller (2-3 times a week), dermaroller (2-3 times a week)+ minoxidil (daily once), hair transplant.",5,https://pubmed.ncbi.nlm.nih.gov/38058547/?utm_source=chatgpt.com,https://pubmed.ncbi.nlm.nih.gov/38058547/?utm_source=chatgpt.com,2024-07-13,True,,False,"created_date: APPROXIMATE, upper bound — first Wayback Machine capture 2024-07-13; the page existed by then (5 monthly captures on record). modified_date: none — page declares no modified date; no extractable prose (JS-rendered, PDF or bot wall), so captures cannot be compared"
2026-09-11,chatgpt,wellness,"I want you to compare in general and highlight the effectivenes, cost, time period, advantages/disadvantages of the following three options for hair growth: dermaroller (2-3 times a week), dermaroller (2-3 times a week)+ minoxidil (daily once), hair transplant.",6,https://pubmed.ncbi.nlm.nih.gov/34714971/?utm_source=chatgpt.com,https://pubmed.ncbi.nlm.nih.gov/34714971/?utm_source=chatgpt.com,2022-02-01,True,,False,"created_date: APPROXIMATE, upper bound — first Wayback Machine capture 2022-02-01; the page existed by then (21 monthly captures on record). modified_date: none — page declares no modified date; no extractable prose (JS-rendered, PDF or bot wall), so captures cannot be compared"
2026-09-11,chatgpt,saas,"we're using salesmartly for customer chat but its getting expensive. whats else is out there thats similar? small team, mostly whatsapp and instagram dms",1,https://official.salesmartly.com/en/teams/customer-service/?utm_source=chatgpt.com,https://official.salesmartly.com/en/teams/customer-service/?utm_source=chatgpt.com,,False,2026-09-08,False,"created_date: none — page declares no publish date; not archived. modified_date: declared by the page, JSON-LD dateModified, live fetch 2026-09-11"
2026-09-11,chatgpt,saas,"we're using salesmartly for customer chat but its getting expensive. whats else is out there thats similar? small team, mostly whatsapp and instagram dms",2,https://www.salesmartly.com/en/features/crm/?utm_source=chatgpt.com,https://www.salesmartly.com/en/features/crm/?utm_source=chatgpt.com,,False,2026-09-08,False,"created_date: none — page declares no publish date; not archived. modified_date: declared by the page, JSON-LD dateModified, live fetch 2026-09-11"
2026-09-11,chatgpt,saas,"we're using salesmartly for customer chat but its getting expensive. whats else is out there thats similar? small team, mostly whatsapp and instagram dms",3,https://inflowave.io/resources/best-respond-io-alternatives?utm_source=chatgpt.com,https://inflowave.io/resources/best-respond-io-alternatives?utm_source=chatgpt.com,,False,,False,created_date: none — never archived by the Wayback Machine. modified_date: none — page declares no modified date; never archived by the Wayback Machine
2026-09-11,chatgpt,saas,"we're using salesmartly for customer chat but its getting expensive. whats else is out there thats similar? small team, mostly whatsapp and instagram dms",4,https://clapvo.com/blog/whatsapp-shared-inbox-tools-small-teams?utm_source=chatgpt.com,https://clapvo.com/blog/whatsapp-shared-inbox-tools-small-teams?utm_source=chatgpt.com,2026-06-18,False,2026-06-18,False,"created_date: declared by the page, Open Graph article:published_time, live fetch 2026-09-11. modified_date: declared by the page, JSON-LD dateModified, live fetch 2026-09-11"
2026-09-11,chatgpt,saas,"we're using salesmartly for customer chat but its getting expensive. whats else is out there thats similar? small team, mostly whatsapp and instagram dms",5,https://www.g2.com/products/salesmartly/competitors/alternatives?utm_source=chatgpt.com,https://www.g2.com/products/salesmartly/competitors/alternatives?utm_source=chatgpt.com,,False,,False,created_date: none — never archived by the Wayback Machine. modified_date: none — page declares no modified date; never archived by the Wayback Machine
2026-09-11,chatgpt,saas,"we're using salesmartly for customer chat but its getting expensive. whats else is out there thats similar? small team, mostly whatsapp and instagram dms",6,https://www.replwave.com/?utm_source=chatgpt.com,https://www.replwave.com/?utm_source=chatgpt.com,,False,,False,created_date: none — never archived by the Wayback Machine. modified_date: none — page declares no modified date; never archived by the Wayback Machine
2026-09-11,chatgpt,saas,"we're using salesmartly for customer chat but its getting expensive. whats else is out there thats similar? small team, mostly whatsapp and instagram dms",7,https://wimchat.com/?utm_source=chatgpt.com,https://wimchat.com/?utm_source=chatgpt.com,2013-11-01,True,,False,"created_date: APPROXIMATE, upper bound — first Wayback Machine capture 2013-11-01; the page existed by then (5 monthly captures on record). modified_date: none — page declares no modified date; every Wayback capture was thin or in another language"
2026-09-11,chatgpt,local_services,"best hairdressers In Shanghai
Where are they all
What is the cost for an haircut at each place",1,https://www.smartshanghai.com/listings/beauty/hair_salon/?utm_source=chatgpt.com,https://www.smartshanghai.com/listings/beauty/hair_salon/?utm_source=chatgpt.com,2019-07-24,True,,False,"created_date: APPROXIMATE, upper bound — first Wayback Machine capture 2019-07-24; the page existed by then (35 monthly captures on record). modified_date: none — page declares no modified date; no extractable prose (JS-rendered, PDF or bot wall), so captures cannot be compared"
2026-09-11,chatgpt,local_services,"best hairdressers In Shanghai
Where are they all
What is the cost for an haircut at each place",2,https://english.shanghai.gov.cn/en-LearnChinese/20241107/6a8c04ac9d194ca0bf30f8067d8d407d.html?utm_source=chatgpt.com,https://english.shanghai.gov.cn/en-LearnChinese/20241107/6a8c04ac9d194ca0bf30f8067d8d407d.html?utm_source=chatgpt.com,2025-06-03,True,2025-06-03,True,"created_date: APPROXIMATE, upper bound — first Wayback Machine capture 2025-06-03; the page existed by then (1 monthly captures on record). modified_date: APPROXIMATE, upper bound — article prose identical to the first Wayback Machine capture 2025-06-03; the last edit predates the archive"
2026-09-11,chatgpt,local_services,"best hairdressers In Shanghai
Where are they all
What is the cost for an haircut at each place",3,https://www.echinacities.com/Shanghai/city-guide/Chop-Chop-Shanghais-Top-Hair-Salons?utm_source=chatgpt.com,https://www.echinacities.com/Shanghai/city-guide/Chop-Chop-Shanghais-Top-Hair-Salons?utm_source=chatgpt.com,2013-11-03,True,2020-07-11,True,"created_date: APPROXIMATE, upper bound — first Wayback Machine capture 2013-11-03; the page existed by then (9 monthly captures on record). modified_date: APPROXIMATE — article prose changed between the Wayback Machine capture of 2019-09-16 and the Wayback capture of 2021-05-06; midpoint reported, window 598 days, 3 captures compared"
2026-09-11,chatgpt,shopping,"I want to buy a backpack for my toddler. Which brand do you recommend, regardless of price?",1,https://www.babylist.com/hello-baby/best-toddler-backpacks?utm_source=chatgpt.com,https://www.babylist.com/hello-baby/best-toddler-backpacks?utm_source=chatgpt.com,2023-05-16,False,2026-03-25,False,"created_date: declared by the page, JSON-LD datePublished, live fetch 2026-09-11. modified_date: declared by the page, JSON-LD dateModified, live fetch 2026-09-11"
2026-09-11,chatgpt,shopping,"I want to buy a backpack for my toddler. Which brand do you recommend, regardless of price?",2,https://www.potterybarnkids.com/pages/quality-guides/backpacks.html?utm_source=chatgpt.com,https://www.potterybarnkids.com/pages/quality-guides/backpacks.html?utm_source=chatgpt.com,2019-06-17,True,,False,"created_date: APPROXIMATE, upper bound — first Wayback Machine capture 2019-06-17; the page existed by then (8 monthly captures on record). modified_date: none — page declares no modified date; no extractable prose (JS-rendered, PDF or bot wall), so captures cannot be compared"
2026-09-11,chatgpt,shopping,"I want to buy a backpack for my toddler. Which brand do you recommend, regardless of price?",3,https://www.forbes.com/sites/forbes-personal-shopper/article/best-kids-backpack/?utm_source=chatgpt.com,https://www.forbes.com/sites/forbes-personal-shopper/article/best-kids-backpack/?utm_source=chatgpt.com,2026-07-16,False,2026-08-22,False,"created_date: declared in the Wayback Machine capture of 2026-09-01, JSON-LD datePublished; the live page no longer declares it. modified_date: declared in the Wayback Machine capture of 2026-09-01, Open Graph og:updated_time; the live page no longer declares it"
2026-09-11,chatgpt,shopping,"I want to buy a backpack for my toddler. Which brand do you recommend, regardless of price?",4,https://www.goodhousekeeping.com/what-to-buy/g61071630/best-toddler-backpacks/?utm_source=chatgpt.com,https://www.goodhousekeeping.com/what-to-buy/g61071630/best-toddler-backpacks/?utm_source=chatgpt.com,2024-06-20,False,2024-06-20,False,"created_date: declared by the page, Open Graph article:published_time, live fetch 2026-09-11. modified_date: declared by the page, Open Graph article:modified_time, live fetch 2026-09-11"
2026-09-11,chatgpt,travel,"Найди мне информацию, сайт, ресурс, где описаны виа ферраты для новичков.",1,https://sferrati.com/en/guide/beginner-via-ferratas?utm_source=chatgpt.com,https://sferrati.com/en/guide/beginner-via-ferratas?utm_source=chatgpt.com,2024-11-12,False,2026-09-06,False,"created_date: declared by the page, Open Graph article:published_time, live fetch 2026-09-11. modified_date: declared by the page, Open Graph article:modified_time, live fetch 2026-09-11"
2026-09-11,chatgpt,travel,"Найди мне информацию, сайт, ресурс, где описаны виа ферраты для новичков.",2,https://www.ferratago.com/?utm_source=chatgpt.com,https://www.ferratago.com/?utm_source=chatgpt.com,2024-02-27,True,2025-11-25,True,"created_date: APPROXIMATE, upper bound — first Wayback Machine capture 2024-02-27; the page existed by then (26 monthly captures on record). modified_date: APPROXIMATE — article prose changed between the Wayback Machine capture of 2025-11-07 and the Wayback capture of 2025-12-13; midpoint reported, window 36 days, 5 captures compared"
2026-09-11,chatgpt,travel,"Найди мне информацию, сайт, ресурс, где описаны виа ферраты для новичков.",3,https://www.theuiaa.org/grades-standards/via-ferrata/?utm_source=chatgpt.com,https://www.theuiaa.org/grades-standards/via-ferrata/?utm_source=chatgpt.com,2023-02-06,False,2025-03-11,False,"created_date: declared by the page, Open Graph article:published_time, live fetch 2026-09-11. modified_date: declared by the page, Open Graph article:modified_time, live fetch 2026-09-11"
2026-09-11,chatgpt,travel,"Найди мне информацию, сайт, ресурс, где описаны виа ферраты для новичков.",4,https://backpacktrip.cz/en/via-ferrata-for-beginners/?utm_source=chatgpt.com,https://backpacktrip.cz/en/via-ferrata-for-beginners/?utm_source=chatgpt.com,2026-08-29,False,2026-08-29,False,"created_date: declared by the page, Open Graph article:published_time, live fetch 2026-09-11. modified_date: declared by the page, Open Graph article:modified_time, live fetch 2026-09-11"
2026-09-11,chatgpt,travel,"Найди мне информацию, сайт, ресурс, где описаны виа ферраты для новичков.",5,https://www.youtube.com/watch?v=cPncPZ_GekM&utm_source=chatgpt.com,https://www.youtube.com/watch?v=cPncPZ_GekM&utm_source=chatgpt.com,,False,,False,"platform page (Google surface, video or social); never states page dates; not checked"
2026-09-11,chatgpt,saas,whats the best hosted vm service for running automated test suites? i need to spin up browsers and run selenium tests without managing the infra myself,1,https://www.browserstack.com?utm_source=chatgpt.com,https://www.browserstack.com?utm_source=chatgpt.com,,False,2026-09-06,False,"created_date: none — page declares no publish date; not archived. modified_date: declared by the page, Open Graph article:modified_time, live fetch 2026-09-11"
2026-09-11,chatgpt,saas,whats the best hosted vm service for running automated test suites? i need to spin up browsers and run selenium tests without managing the infra myself,2,https://www.browserstack.com/cloud-selenium-grid?utm_source=chatgpt.com,https://www.browserstack.com/cloud-selenium-grid?utm_source=chatgpt.com,,False,2025-04-03,False,"created_date: none — page declares no publish date; not archived. modified_date: declared by the page, Open Graph article:modified_time, live fetch 2026-09-11"
2026-09-11,chatgpt,saas,whats the best hosted vm service for running automated test suites? i need to spin up browsers and run selenium tests without managing the infra myself,3,https://saucelabs.com?utm_source=chatgpt.com,https://saucelabs.com?utm_source=chatgpt.com,2008-09-24,True,2025-08-22,True,"created_date: APPROXIMATE, upper bound — first Wayback Machine capture 2008-09-24; the page existed by then (195 monthly captures on record). modified_date: APPROXIMATE — article prose changed between the Wayback Machine capture of 2024-08-02 and the live page; midpoint reported, window 769 days, 3 captures compared"
2026-09-11,chatgpt,saas,whats the best hosted vm service for running automated test suites? i need to spin up browsers and run selenium tests without managing the infra myself,4,https://www.lambdatest.com?utm_source=chatgpt.com,https://www.lambdatest.com?utm_source=chatgpt.com,2025-01-01,False,2026-05-22,False,"created_date: declared by the page, JSON-LD datePublished, live fetch 2026-09-11. modified_date: declared by the page, JSON-LD dateModified, live fetch 2026-09-11"
2026-09-11,chatgpt,saas,whats the best hosted vm service for running automated test suites? i need to spin up browsers and run selenium tests without managing the infra myself,5,https://testingbot.com?utm_source=chatgpt.com,https://testingbot.com?utm_source=chatgpt.com,2011-12-03,True,2023-10-24,True,"created_date: APPROXIMATE, upper bound — first Wayback Machine capture 2011-12-03; the page existed by then (128 monthly captures on record). modified_date: APPROXIMATE — article prose changed between the Wayback Machine capture of 2020-12-05 and the live page; midpoint reported, window 2105 days, 1 captures compared"
2026-09-11,chatgpt,saas,whats the best hosted vm service for running automated test suites? i need to spin up browsers and run selenium tests without managing the infra myself,6,https://testingbot.com/features/automation/selenium?utm_source=chatgpt.com,https://testingbot.com/features/automation/selenium?utm_source=chatgpt.com,2022-01-19,True,2026-07-12,True,"created_date: APPROXIMATE, upper bound — first Wayback Machine capture 2022-01-19; the page existed by then (27 monthly captures on record). modified_date: APPROXIMATE — article prose changed between the Wayback Machine capture of 2026-05-12 and the live page; midpoint reported, window 121 days, 4 captures compared"
2026-09-11,chatgpt,saas,whats the best hosted vm service for running automated test suites? i need to spin up browsers and run selenium tests without managing the infra myself,7,https://testingbot.com/support/web-automate/selenium?utm_source=chatgpt.com,https://testingbot.com/support/web-automate/selenium?utm_source=chatgpt.com,2025-07-09,True,2026-06-14,True,"created_date: APPROXIMATE, upper bound — first Wayback Machine capture 2025-07-09; the page existed by then (11 monthly captures on record). modified_date: APPROXIMATE, upper bound — article prose identical to the first Wayback Machine capture 2026-06-14; the last edit predates the archive"
2026-09-11,chatgpt,saas,whats the best hosted vm service for running automated test suites? i need to spin up browsers and run selenium tests without managing the infra myself,8,https://github.com/features/actions?utm_source=chatgpt.com,https://github.com/features/actions?utm_source=chatgpt.com,2018-10-16,True,,False,"created_date: APPROXIMATE, upper bound — first Wayback Machine capture 2018-10-16; the page existed by then (96 monthly captures on record). modified_date: none — page declares no modified date; every Wayback capture was thin or in another language"
2026-09-11,chatgpt,saas,whats the best hosted vm service for running automated test suites? i need to spin up browsers and run selenium tests without managing the infra myself,9,https://circleci.com?utm_source=chatgpt.com,https://circleci.com?utm_source=chatgpt.com,2026-09-11,False,2025-11-17,True,"created_date: declared by the page, Open Graph article:published_time, live fetch 2026-09-11. modified_date: APPROXIMATE — article prose changed between the Wayback Machine capture of 2025-11-01 and the Wayback capture of 2025-12-02; midpoint reported, window 30 days, 8 captures compared"
2026-09-11,chatgpt,saas,whats the best hosted vm service for running automated test suites? i need to spin up browsers and run selenium tests without managing the infra myself,10,https://aws.amazon.com/ec2/?utm_source=chatgpt.com,https://aws.amazon.com/ec2/?utm_source=chatgpt.com,2008-08-19,True,2026-08-27,False,"created_date: APPROXIMATE, upper bound — first Wayback Machine capture 2008-08-19; the page existed by then (217 monthly captures on record). modified_date: declared in the Wayback Machine capture of 2026-09-01, Open Graph og:updated_time; the live page no longer declares it"
2026-09-11,chatgpt,saas,whats the best hosted vm service for running automated test suites? i need to spin up browsers and run selenium tests without managing the infra myself,11,https://testgrid.io/cloud-selenium-grid?utm_source=chatgpt.com,https://testgrid.io/cloud-selenium-grid?utm_source=chatgpt.com,2026-04-17,True,2026-04-17,True,"created_date: APPROXIMATE, upper bound — first Wayback Machine capture 2026-04-17; the page existed by then (1 monthly captures on record). modified_date: APPROXIMATE, upper bound — article prose identical to the first Wayback Machine capture 2026-04-17; the last edit predates the archive"
2026-09-11,chatgpt,saas,what is the best free ai music generator right now?,1,https://suno.com/?utm_source=chatgpt.com,https://suno.com/?utm_source=chatgpt.com,2001-09-23,True,,False,"created_date: APPROXIMATE, upper bound — first Wayback Machine capture 2001-09-23; the page existed by then (123 monthly captures on record). modified_date: none — page declares no modified date; every Wayback capture was thin or in another language"
2026-09-11,chatgpt,saas,what is the best free ai music generator right now?,2,https://suno.com/pricing?pos=section1&utm_source=chatgpt.com,https://suno.com/pricing?pos=section1&utm_source=chatgpt.com,,False,,False,created_date: none — never archived by the Wayback Machine. modified_date: none — page declares no modified date; never archived by the Wayback Machine
2026-09-11,chatgpt,saas,what is the best free ai music generator right now?,3,https://help.suno.com/en/articles/2410049?utm_source=chatgpt.com,https://help.suno.com/en/articles/2410049?utm_source=chatgpt.com,2024-10-12,True,2025-11-06,True,"created_date: APPROXIMATE, upper bound — first Wayback Machine capture 2024-10-12; the page existed by then (6 monthly captures on record). modified_date: APPROXIMATE — article prose changed between the Wayback Machine capture of 2025-08-10 and the Wayback capture of 2026-02-02; midpoint reported, window 175 days, 4 captures compared"
2026-09-11,chatgpt,saas,what is the best free ai music generator right now?,4,https://help.suno.com/en/articles/13924737?utm_source=chatgpt.com,https://help.suno.com/en/articles/13924737?utm_source=chatgpt.com,,False,,False,created_date: none — never archived by the Wayback Machine. modified_date: none — page declares no modified date; never archived by the Wayback Machine
2026-09-11,chatgpt,saas,what is the best free ai music generator right now?,5,https://www.reuters.com/legal/litigation/suno-releases-new-ai-music-models-partnership-with-warner-music-bmg-2026-09-09/?utm_source=chatgpt.com,https://www.reuters.com/legal/litigation/suno-releases-new-ai-music-models-partnership-with-warner-music-bmg-2026-09-09/?utm_source=chatgpt.com,,False,,False,created_date: none — never archived by the Wayback Machine. modified_date: none — page declares no modified date; never archived by the Wayback Machine
2026-09-11,chatgpt,saas,what is the best free ai music generator right now?,6,https://suno.com/fr?utm_source=chatgpt.com,https://suno.com/fr?utm_source=chatgpt.com,2026-08-18,True,2026-08-18,True,"created_date: APPROXIMATE, upper bound — first Wayback Machine capture 2026-08-18; the page existed by then (1 monthly captures on record). modified_date: APPROXIMATE, upper bound — article prose identical to the first Wayback Machine capture 2026-08-18; the last edit predates the archive"
2026-09-11,chatgpt,saas,what is the best free ai music generator right now?,7,https://help.suno.com/en/articles/9601601?utm_source=chatgpt.com,https://help.suno.com/en/articles/9601601?utm_source=chatgpt.com,2025-12-26,True,,False,"created_date: APPROXIMATE, upper bound — first Wayback Machine capture 2025-12-26; the page existed by then (8 monthly captures on record). modified_date: none — page declares no modified date; no extractable prose (JS-rendered, PDF or bot wall), so captures cannot be compared"
2026-09-11,chatgpt,saas,what is the best free ai music generator right now?,8,https://help.suno.com/en/articles/13926401?utm_source=chatgpt.com,https://help.suno.com/en/articles/13926401?utm_source=chatgpt.com,,False,,False,created_date: none — never archived by the Wayback Machine. modified_date: none — page declares no modified date; never archived by the Wayback Machine
2026-09-11,chatgpt,local_services,amazon content optimization agency,1,https://www.amazongrowthlab.com/amazon-listing-optimization?utm_source=chatgpt.com,https://www.amazongrowthlab.com/amazon-listing-optimization?utm_source=chatgpt.com,2026-04-22,True,2026-07-30,True,"created_date: APPROXIMATE, upper bound — first Wayback Machine capture 2026-04-22; the page existed by then (3 monthly captures on record). modified_date: APPROXIMATE — article prose changed between the Wayback Machine capture of 2026-06-17 and the live page; midpoint reported, window 85 days, 2 captures compared"
2026-09-11,chatgpt,local_services,amazon content optimization agency,2,https://myamazonguy.com/services/listing-optimization/end-to-end-listing/?utm_source=chatgpt.com,https://myamazonguy.com/services/listing-optimization/end-to-end-listing/?utm_source=chatgpt.com,,False,2026-07-30,False,"created_date: none — page declares no publish date; not archived. modified_date: declared by the page, Open Graph og:updated_time, live fetch 2026-09-11"
2026-09-11,chatgpt,local_services,amazon content optimization agency,3,https://sellerplex.com/amz-content-creation/?utm_source=chatgpt.com,https://sellerplex.com/amz-content-creation/?utm_source=chatgpt.com,,False,,False,"platform page (Google surface, video or social); never states page dates; not checked"
2026-09-11,chatgpt,local_services,amazon content optimization agency,4,https://growithamazon.com/services/amazon-product-listing/?utm_source=chatgpt.com,https://growithamazon.com/services/amazon-product-listing/?utm_source=chatgpt.com,2022-08-24,False,2025-06-05,False,"created_date: declared in the Wayback Machine capture of 2025-08-07, JSON-LD datePublished; the live page no longer declares it. modified_date: declared in the Wayback Machine capture of 2025-12-29, Open Graph article:modified_time; the live page no longer declares it"
2026-09-11,chatgpt,shopping,please write me a script that I can use in chrome browser it should search online shops for S. Bang (alternatively Svend Bang) smoking pipes which are available and not sold out or out of stock,1,https://www.tampermonkey.net/?utm_source=chatgpt.com,https://www.tampermonkey.net/?utm_source=chatgpt.com,2013-03-19,True,,False,"created_date: APPROXIMATE, upper bound — first Wayback Machine capture 2013-03-19; the page existed by then (156 monthly captures on record). modified_date: none — page declares no modified date; every Wayback capture was thin or in another language"
2026-09-11,chatgpt,travel,my wife has soon her Birthday we live in Durbach what can i do to surprise her,1,https://www.ritter-durbach.de/offers/romantische-zeit?utm_source=chatgpt.com,https://www.ritter-durbach.de/offers/romantische-zeit?utm_source=chatgpt.com,2024-02-06,False,2026-08-19,False,"created_date: declared by the page, JSON-LD datePublished, live fetch 2026-09-11. modified_date: declared by the page, JSON-LD dateModified, live fetch 2026-09-11"
2026-09-11,chatgpt,travel,my wife has soon her Birthday we live in Durbach what can i do to surprise her,2,https://www.durbach.de/sehen-erleben/gruppenplanung?utm_source=chatgpt.com,https://www.durbach.de/sehen-erleben/gruppenplanung?utm_source=chatgpt.com,2024-02-13,True,,False,"created_date: APPROXIMATE, upper bound — first Wayback Machine capture 2024-02-13; the page existed by then (12 monthly captures on record). modified_date: none — page declares no modified date; no extractable prose (JS-rendered, PDF or bot wall), so captures cannot be compared"
2026-09-11,chatgpt,finance,"which ETFs provide the best exposure to companies that provide infrastructure for data centers,",1,https://www.fool.com/investing/how-to-invest/etfs/data-center-etfs/?utm_source=chatgpt.com,https://www.fool.com/investing/how-to-invest/etfs/data-center-etfs/?utm_source=chatgpt.com,2026-07-15,False,2026-07-15,False,"created_date: declared by the page, Open Graph article:published_time, live fetch 2026-09-11. modified_date: declared by the page, JSON-LD dateModified, live fetch 2026-09-11"
2026-09-11,chatgpt,finance,"which ETFs provide the best exposure to companies that provide infrastructure for data centers,",2,https://www.marketbeat.com/articles/the-ai-data-center-boom-is-bigger-than-one-stockthese-etfs-spread-the-bet/?utm_source=chatgpt.com,https://www.marketbeat.com/articles/the-ai-data-center-boom-is-bigger-than-one-stockthese-etfs-spread-the-bet/?utm_source=chatgpt.com,2026-07-17,False,2026-07-17,False,"created_date: declared by the page, JSON-LD datePublished, live fetch 2026-09-11. modified_date: declared by the page, JSON-LD dateModified, live fetch 2026-09-11"
2026-09-11,chatgpt,finance,"which ETFs provide the best exposure to companies that provide infrastructure for data centers,",3,https://www.fool.com/investing/how-to-invest/etfs/data-center-etfs//?utm_source=chatgpt.com,https://www.fool.com/investing/how-to-invest/etfs/data-center-etfs//?utm_source=chatgpt.com,2026-07-15,False,2026-07-15,False,"created_date: declared by the page, Open Graph article:published_time, live fetch 2026-09-11. modified_date: declared by the page, JSON-LD dateModified, live fetch 2026-09-11"
2026-09-11,chatgpt,finance,"which ETFs provide the best exposure to companies that provide infrastructure for data centers,",4,https://wtop.com/news/2026/06/7-best-semiconductor-etfs-to-buy-for-2026-3/?utm_source=chatgpt.com,https://wtop.com/news/2026/06/7-best-semiconductor-etfs-to-buy-for-2026-3/?utm_source=chatgpt.com,2026-06-15,False,2026-06-28,False,"created_date: declared by the page, Open Graph article:published_time, live fetch 2026-09-11. modified_date: declared by the page, Open Graph article:modified_time, live fetch 2026-09-11"
2026-09-11,chatgpt,finance,"which ETFs provide the best exposure to companies that provide infrastructure for data centers,",5,https://www.blackrock.com/us/financial-professionals/products/239653/ishares-u-s-power-infrastructure-etf?utm_source=chatgpt.com,https://www.blackrock.com/us/financial-professionals/products/239653/ishares-u-s-power-infrastructure-etf?utm_source=chatgpt.com,,False,,False,created_date: none — never archived by the Wayback Machine. modified_date: none — page declares no modified date; never archived by the Wayback Machine
2026-09-11,chatgpt,finance,"which ETFs provide the best exposure to companies that provide infrastructure for data centers,",6,https://www.reuters.com/commentary/breakingviews/data-centre-upstarts-evoke-earlier-broadband-craze-2026-09-10/?utm_source=chatgpt.com,https://www.reuters.com/commentary/breakingviews/data-centre-upstarts-evoke-earlier-broadband-craze-2026-09-10/?utm_source=chatgpt.com,,False,,False,created_date: none — never archived by the Wayback Machine. modified_date: none — page declares no modified date; never archived by the Wayback Machine
2026-09-11,chatgpt,finance,"which ETFs provide the best exposure to companies that provide infrastructure for data centers,",7,https://www.etf.com/sections/news/top-5-etfs-positioned-benefit-ai-power-demand-boom?utm_source=chatgpt.com,https://www.etf.com/sections/news/top-5-etfs-positioned-benefit-ai-power-demand-boom?utm_source=chatgpt.com,,False,,False,created_date: none — never archived by the Wayback Machine. modified_date: none — page declares no modified date; never archived by the Wayback Machine
2026-09-11,chatgpt,wellness,"I selected metlife pdp during annual enrollment, and paying for the same, but my metlife dental card says it is dental HMO. I had to cancel my appointment earlier this year after the dentist was about to start the service, but the dental office administrator stopped the service from initiating after informing that they don't accept HMO.",1,https://www.metlife.com/content/dam/metlifecom/us/homepage/regional/dental-insurance-ppo-faq.PDF?utm_source=chatgpt.com,https://www.metlife.com/content/dam/metlifecom/us/homepage/regional/dental-insurance-ppo-faq.PDF?utm_source=chatgpt.com,,False,,False,"created_date: none — never archived by the Wayback Machine. modified_date: none — only an HTTP Last-Modified header (deploy time, not an edit); never archived by the Wayback Machine"
2026-09-11,chatgpt,wellness,"I selected metlife pdp during annual enrollment, and paying for the same, but my metlife dental card says it is dental HMO. I had to cancel my appointment earlier this year after the dentist was about to start the service, but the dental office administrator stopped the service from initiating after informing that they don't accept HMO.",2,https://www.metlife.com/insurance/dental-insurance/group-dental/?utm_source=chatgpt.com,https://www.metlife.com/insurance/dental-insurance/group-dental/?utm_source=chatgpt.com,2016-11-14,True,2026-01-15,True,"created_date: APPROXIMATE, upper bound — first Wayback Machine capture 2016-11-14; the page existed by then (39 monthly captures on record). modified_date: APPROXIMATE — article prose changed between the Wayback Machine capture of 2025-11-19 and the Wayback capture of 2026-03-13; midpoint reported, window 113 days, 6 captures compared"
2026-09-11,chatgpt,wellness,"I selected metlife pdp during annual enrollment, and paying for the same, but my metlife dental card says it is dental HMO. I had to cancel my appointment earlier this year after the dentist was about to start the service, but the dental office administrator stopped the service from initiating after informing that they don't accept HMO.",3,https://origin-intl.metlife.com/oralfitnesslibrary/dental-insurance/whats-a-dhmo-insurance-plan/?utm_source=chatgpt.com,https://origin-intl.metlife.com/oralfitnesslibrary/dental-insurance/whats-a-dhmo-insurance-plan/?utm_source=chatgpt.com,,False,,False,"created_date: none — never archived by the Wayback Machine. modified_date: none — only an HTTP Last-Modified header (deploy time, not an edit); never archived by the Wayback Machine"
2026-09-11,chatgpt,wellness,"I selected metlife pdp during annual enrollment, and paying for the same, but my metlife dental card says it is dental HMO. I had to cancel my appointment earlier this year after the dentist was about to start the service, but the dental office administrator stopped the service from initiating after informing that they don't accept HMO.",4,https://www.metlife.com/stories/dental-insurance/what-is-dental-insurance/?utm_source=chatgpt.com,https://www.metlife.com/stories/dental-insurance/what-is-dental-insurance/?utm_source=chatgpt.com,2024-04-20,True,2024-04-20,True,"created_date: APPROXIMATE, upper bound — first Wayback Machine capture 2024-04-20; the page existed by then (11 monthly captures on record). modified_date: APPROXIMATE, upper bound — article prose identical to the first Wayback Machine capture 2024-04-20; the last edit predates the archive"
2026-09-11,chatgpt,wellness,"I selected metlife pdp during annual enrollment, and paying for the same, but my metlife dental card says it is dental HMO. I had to cancel my appointment earlier this year after the dentist was about to start the service, but the dental office administrator stopped the service from initiating after informing that they don't accept HMO.",5,https://www.metlife.com/insurance/dental-insurance/?utm_source=chatgpt.com,https://www.metlife.com/insurance/dental-insurance/?utm_source=chatgpt.com,2016-10-12,True,2025-11-25,True,"created_date: APPROXIMATE, upper bound — first Wayback Machine capture 2016-10-12; the page existed by then (80 monthly captures on record). modified_date: APPROXIMATE — article prose changed between the Wayback Machine capture of 2025-11-11 and the Wayback capture of 2025-12-09; midpoint reported, window 27 days, 6 captures compared"
2026-09-11,chatgpt,wellness,"I selected metlife pdp during annual enrollment, and paying for the same, but my metlife dental card says it is dental HMO. I had to cancel my appointment earlier this year after the dentist was about to start the service, but the dental office administrator stopped the service from initiating after informing that they don't accept HMO.",6,https://www.metlife.com/oralfitnesslibrary/dental-insurance/what-is-a-dental-ppo-plan/?utm_source=chatgpt.com,https://www.metlife.com/oralfitnesslibrary/dental-insurance/what-is-a-dental-ppo-plan/?utm_source=chatgpt.com,2025-11-13,True,2025-11-13,True,"created_date: APPROXIMATE, upper bound — first Wayback Machine capture 2025-11-13; the page existed by then (4 monthly captures on record). modified_date: APPROXIMATE, upper bound — article prose identical to the first Wayback Machine capture 2025-11-13; the last edit predates the archive"
2026-09-11,chatgpt,saas,compare the price of using chatgpt between web interface and api,1,https://chatgpt.com/pricing/?utm_source=chatgpt.com,https://chatgpt.com/pricing/?utm_source=chatgpt.com,2025-09-06,True,2026-09-02,True,"created_date: APPROXIMATE, upper bound — first Wayback Machine capture 2025-09-06; the page existed by then (13 monthly captures on record). modified_date: APPROXIMATE — rotating listing (directory, route or deals page); entries differ under every Wayback capture, so treated as updated at the run date"
2026-09-11,chatgpt,saas,compare the price of using chatgpt between web interface and api,2,https://openai.com/api/pricing/?utm_source=chatgpt.com,https://openai.com/api/pricing/?utm_source=chatgpt.com,2021-11-20,True,2021-11-12,False,"created_date: APPROXIMATE, upper bound — first Wayback Machine capture 2021-11-20; the page existed by then (42 monthly captures on record). modified_date: declared in the Wayback Machine capture of 2021-11-20, Open Graph article:modified_time; the live page no longer declares it"
2026-09-11,chatgpt,saas,compare the price of using chatgpt between web interface and api,3,https://help.openai.com/en/articles/20001415-chatgpt-rate-card-enterprise-token-based-pricing?utm_source=chatgpt.com,https://help.openai.com/en/articles/20001415-chatgpt-rate-card-enterprise-token-based-pricing?utm_source=chatgpt.com,2026-09-05,True,2026-09-08,True,"created_date: APPROXIMATE, upper bound — first Wayback Machine capture 2026-09-05; the page existed by then (1 monthly captures on record). modified_date: APPROXIMATE — article prose changed between the Wayback Machine capture of 2026-09-05 and the live page; midpoint reported, window 5 days, 1 captures compared"
2026-09-11,chatgpt,saas,compare the price of using chatgpt between web interface and api,4,https://help.openai.com/en/articles/11481834?utm_source=chatgpt.com,https://help.openai.com/en/articles/11481834?utm_source=chatgpt.com,2026-05-18,True,2026-08-01,True,"created_date: APPROXIMATE, upper bound — first Wayback Machine capture 2026-05-18; the page existed by then (3 monthly captures on record). modified_date: APPROXIMATE — article prose changed between the Wayback Machine capture of 2026-07-09 and the Wayback capture of 2026-08-23; midpoint reported, window 44 days, 2 captures compared"
2026-09-11,chatgpt,travel,"cheapest time to buy a return ticket from europe to Beijing
how much is the ticket from brussels to beijing",1,https://www.google.com/travel/flights/flights-from-brussels-to-beijing.html?utm_source=chatgpt.com,https://www.google.com/travel/flights/flights-from-brussels-to-beijing.html?utm_source=chatgpt.com,,False,,False,"platform page (Google surface, video or social); never states page dates; not checked"
2026-09-11,chatgpt,travel,"cheapest time to buy a return ticket from europe to Beijing
how much is the ticket from brussels to beijing",2,https://www.kayak.com/flight-routes/Brussels-Bruxelles-National-BRU/Beijing-BJS?utm_source=chatgpt.com,https://www.kayak.com/flight-routes/Brussels-Bruxelles-National-BRU/Beijing-BJS?utm_source=chatgpt.com,2023-12-16,True,2026-09-11,True,"created_date: APPROXIMATE, upper bound — first Wayback Machine capture 2023-12-16; the page existed by then (1 monthly captures on record). modified_date: APPROXIMATE — rotating listing (directory, route or deals page); entries differ under every Wayback capture, so treated as updated at the run date"
2026-09-11,chatgpt,travel,"cheapest time to buy a return ticket from europe to Beijing
how much is the ticket from brussels to beijing",3,https://www.skyscanner.gg/routes/brus/bjsa/brussels-to-beijing.html?utm_source=chatgpt.com,https://www.skyscanner.gg/routes/brus/bjsa/brussels-to-beijing.html?utm_source=chatgpt.com,,False,,False,"created_date: none — never archived by the Wayback Machine. modified_date: none — only an HTTP Last-Modified header (deploy time, not an edit); never archived by the Wayback Machine"
2026-09-11,chatgpt,travel,"cheapest time to buy a return ticket from europe to Beijing
how much is the ticket from brussels to beijing",4,https://www.trip.com/flights/beijing-to-brussels/airfares-bjs-bru/?utm_source=chatgpt.com,https://www.trip.com/flights/beijing-to-brussels/airfares-bjs-bru/?utm_source=chatgpt.com,2019-12-07,True,2026-09-11,True,"created_date: APPROXIMATE, upper bound — first Wayback Machine capture 2019-12-07; the page existed by then (5 monthly captures on record). modified_date: APPROXIMATE — rotating listing (directory, route or deals page); entries differ under every Wayback capture, so treated as updated at the run date"
2026-09-11,chatgpt,travel,"cheapest time to buy a return ticket from europe to Beijing
how much is the ticket from brussels to beijing",5,https://airserviceone.com/new-route-of-the-day-24-march-2026-air-china-between-beijing-and-brussels-bru/?utm_source=chatgpt.com,https://airserviceone.com/new-route-of-the-day-24-march-2026-air-china-between-beijing-and-brussels-bru/?utm_source=chatgpt.com,,False,,False,created_date: none — never archived by the Wayback Machine. modified_date: none — page declares no modified date; never archived by the Wayback Machine
2026-09-11,chatgpt,travel,"cheapest time to buy a return ticket from europe to Beijing
how much is the ticket from brussels to beijing",6,https://www.brusselsairlines.com/lhg/be/en/o-d/cy-cy/brussels-beijing?utm_source=chatgpt.com,https://www.brusselsairlines.com/lhg/be/en/o-d/cy-cy/brussels-beijing?utm_source=chatgpt.com,2025-10-09,True,,False,"created_date: APPROXIMATE, upper bound — first Wayback Machine capture 2025-10-09; the page existed by then (1 monthly captures on record). modified_date: none — page declares no modified date; live fetch refused and no recent Wayback capture to stand in"
2026-09-11,chatgpt,saas,what law enforcement mental wellness apps are out there,1,https://www.ojp.gov/library/publications/landscape-study-application-software-products-aim-address-mental-health-needs?utm_source=chatgpt.com,https://www.ojp.gov/library/publications/landscape-study-application-software-products-aim-address-mental-health-needs?utm_source=chatgpt.com,2022-06-28,True,2022-06-28,True,"created_date: APPROXIMATE, upper bound — first Wayback Machine capture 2022-06-28; the page existed by then (13 monthly captures on record). modified_date: APPROXIMATE, upper bound — article prose identical to the first Wayback Machine capture 2022-06-28; the last edit predates the archive"
2026-09-11,chatgpt,saas,what law enforcement mental wellness apps are out there,2,https://cordico.com/wellness-app/?utm_source=chatgpt.com,https://cordico.com/wellness-app/?utm_source=chatgpt.com,2023-11-20,False,2025-05-01,False,"created_date: declared by the page, JSON-LD datePublished, live fetch 2026-09-11. modified_date: declared by the page, Open Graph article:modified_time, live fetch 2026-09-11"
2026-09-11,chatgpt,saas,what law enforcement mental wellness apps are out there,3,https://cordico.com/law-enforcement/?utm_source=chatgpt.com,https://cordico.com/law-enforcement/?utm_source=chatgpt.com,2019-05-10,False,2025-04-24,False,"created_date: declared by the page, JSON-LD datePublished, live fetch 2026-09-11. modified_date: declared by the page, Open Graph article:modified_time, live fetch 2026-09-11"
2026-09-11,chatgpt,saas,what law enforcement mental wellness apps are out there,4,https://cordico.com/?utm_source=chatgpt.com,https://cordico.com/?utm_source=chatgpt.com,2025-10-14,False,2026-02-06,False,"created_date: declared by the page, JSON-LD datePublished, live fetch 2026-09-11. modified_date: declared by the page, Open Graph article:modified_time, live fetch 2026-09-11"
2026-09-11,chatgpt,saas,what law enforcement mental wellness apps are out there,5,https://www.lexipol.com/platform/wellness-resources/?utm_source=chatgpt.com,https://www.lexipol.com/platform/wellness-resources/?utm_source=chatgpt.com,2025-08-01,False,2026-06-17,False,"created_date: declared by the page, JSON-LD datePublished, live fetch 2026-09-11. modified_date: declared by the page, Open Graph article:modified_time, live fetch 2026-09-11"
2026-09-11,chatgpt,shopping,how do berkemann and birkenstock compare for comfort shoes? which brand should i go for?,1,https://www.berkemann.com/media/pdf/6b/cd/e4/BM_Imagebroschuere_2022_EN_lowres.pdf?utm_source=chatgpt.com,https://www.berkemann.com/media/pdf/6b/cd/e4/BM_Imagebroschuere_2022_EN_lowres.pdf?utm_source=chatgpt.com,,False,,False,created_date: none — page refused the fetch. modified_date: none — page declares no modified date; Wayback fetch error
2026-09-11,chatgpt,shopping,how do berkemann and birkenstock compare for comfort shoes? which brand should i go for?,2,https://www.berkemann.com/media/pdf/a6/8e/5e/Berkemann_Katalog_HW22_DT-EN.pdf?utm_source=chatgpt.com,https://www.berkemann.com/media/pdf/a6/8e/5e/Berkemann_Katalog_HW22_DT-EN.pdf?utm_source=chatgpt.com,,False,,False,created_date: none — page refused the fetch. modified_date: none — page declares no modified date; Wayback fetch error
2026-09-11,chatgpt,shopping,how do berkemann and birkenstock compare for comfort shoes? which brand should i go for?,3,https://www.today.com/shop/best-birkenstocks-t262601?search=birkenstocks&utm_source=chatgpt.com,https://www.today.com/shop/best-birkenstocks-t262601?search=birkenstocks&utm_source=chatgpt.com,2025-05-14,False,2025-05-14,False,"created_date: declared by the page, Open Graph article:published_time, live fetch 2026-09-11. modified_date: declared by the page, Open Graph article:modified_time, live fetch 2026-09-11"
2026-09-11,chatgpt,shopping,how do berkemann and birkenstock compare for comfort shoes? which brand should i go for?,4,https://www.gq.com/story/birkenstock-boston-clog-review?utm_source=chatgpt.com,https://www.gq.com/story/birkenstock-boston-clog-review?utm_source=chatgpt.com,2023-05-09,False,2023-05-09,False,"created_date: declared by the page, Open Graph article:published_time, live fetch 2026-09-11. modified_date: declared by the page, Open Graph article:modified_time, live fetch 2026-09-11"
2026-09-11,chatgpt,shopping,how do berkemann and birkenstock compare for comfort shoes? which brand should i go for?,5,https://shop.berkemann.com/Fusskomfort-Ratgeber/?utm_source=chatgpt.com,https://shop.berkemann.com/Fusskomfort-Ratgeber/?utm_source=chatgpt.com,2026-06-13,True,2026-07-28,True,"created_date: APPROXIMATE, upper bound — first Wayback Machine capture 2026-06-13; the page existed by then (1 monthly captures on record). modified_date: APPROXIMATE — article prose changed between the Wayback Machine capture of 2026-06-13 and the live page; midpoint reported, window 89 days, 1 captures compared"
2026-09-11,chatgpt,local_services,What's a good budget multi-coocker*,1,https://www.consumerreports.org/appliances/multi-cookers/best-multi-cookers-of-the-year-a7136971834/?utm_source=chatgpt.com,https://www.consumerreports.org/appliances/multi-cookers/best-multi-cookers-of-the-year-a7136971834/?utm_source=chatgpt.com,2019-03-22,False,2026-01-01,False,"created_date: declared by the page, JSON-LD datePublished, live fetch 2026-09-11. modified_date: declared by the page, JSON-LD dateModified, live fetch 2026-09-11"
2026-09-11,chatgpt,finance,give me telegram channels with crypto market analysis,1,https://t.me/s/cryptoquant_official/484?utm_source=chatgpt.com,https://t.me/s/cryptoquant_official/484?utm_source=chatgpt.com,2022-08-21,True,2026-09-11,True,"created_date: APPROXIMATE, upper bound — first Wayback Machine capture 2022-08-21; the page existed by then (1 monthly captures on record). modified_date: APPROXIMATE — rotating listing (directory, route or deals page); entries differ under every Wayback capture, so treated as updated at the run date"
2026-09-11,chatgpt,finance,give me telegram channels with crypto market analysis,2,https://www.cryptoquant.com/?utm_source=chatgpt.com,https://www.cryptoquant.com/?utm_source=chatgpt.com,2003-12-11,True,2026-09-11,True,"created_date: APPROXIMATE, upper bound — first Wayback Machine capture 2003-12-11; the page existed by then (88 monthly captures on record). modified_date: APPROXIMATE — rotating listing (directory, route or deals page); entries differ under every Wayback capture, so treated as updated at the run date"
2026-09-11,chatgpt,finance,give me telegram channels with crypto market analysis,3,https://changehero.io/blog/best-telegram-channels-for-crypto-news/?utm_source=chatgpt.com,https://changehero.io/blog/best-telegram-channels-for-crypto-news/?utm_source=chatgpt.com,2026-07-14,False,2026-07-14,False,"created_date: declared by the page, JSON-LD datePublished, live fetch 2026-09-11. modified_date: declared by the page, Open Graph article:modified_time, live fetch 2026-09-11"
2026-09-11,chatgpt,finance,give me telegram channels with crypto market analysis,4,https://incrypted.com/en/telegram-channels-about-crypto/?utm_source=chatgpt.com,https://incrypted.com/en/telegram-channels-about-crypto/?utm_source=chatgpt.com,2026-07-10,False,2026-07-10,False,"created_date: declared by the page, JSON-LD datePublished, live fetch 2026-09-11. modified_date: declared by the page, JSON-LD dateModified, live fetch 2026-09-11"
2026-09-11,chatgpt,finance,give me telegram channels with crypto market analysis,5,https://www.coingecko.com/learn/crypto-telegram-and-discord-groups-to-follow?utm_source=chatgpt.com,https://www.coingecko.com/learn/crypto-telegram-and-discord-groups-to-follow?utm_source=chatgpt.com,2023-01-13,False,2023-06-13,False,"created_date: declared by the page, JSON-LD datePublished, live fetch 2026-09-11. modified_date: declared by the page, JSON-LD dateModified, live fetch 2026-09-11"
2026-09-11,chatgpt,finance,give me telegram channels with crypto market analysis,6,https://coincodecap.com/best-telegram-channels?utm_source=chatgpt.com,https://coincodecap.com/best-telegram-channels?utm_source=chatgpt.com,2025-11-25,False,2026-06-28,False,"created_date: declared by the page, Open Graph article:published_time, live fetch 2026-09-11. modified_date: declared by the page, Open Graph article:modified_time, live fetch 2026-09-11"
2026-09-11,chatgpt,saas,"whats the best way to get data into power bi from google analytics, campaign manager 360 and hubspot? looking for a connector or etl tool that handles all three",1,https://windsor.ai/destinations/microsoft-power-bi/?utm_source=chatgpt.com,https://windsor.ai/destinations/microsoft-power-bi/?utm_source=chatgpt.com,2020-05-28,False,2026-06-29,False,"created_date: declared by the page, JSON-LD datePublished, live fetch 2026-09-11. modified_date: declared by the page, Open Graph article:modified_time, live fetch 2026-09-11"
2026-09-11,chatgpt,saas,"whats the best way to get data into power bi from google analytics, campaign manager 360 and hubspot? looking for a connector or etl tool that handles all three",2,https://windsor.ai/data-integration/?utm_source=chatgpt.com,https://windsor.ai/data-integration/?utm_source=chatgpt.com,2017-08-11,False,2026-06-26,False,"created_date: declared by the page, JSON-LD datePublished, live fetch 2026-09-11. modified_date: declared by the page, Open Graph article:modified_time, live fetch 2026-09-11"
2026-09-11,chatgpt,saas,"whats the best way to get data into power bi from google analytics, campaign manager 360 and hubspot? looking for a connector or etl tool that handles all three",3,https://windsor.ai/connectors/hubspot//?utm_source=chatgpt.com,https://windsor.ai/connectors/hubspot//?utm_source=chatgpt.com,2023-02-09,False,2026-08-20,False,"created_date: declared by the page, JSON-LD datePublished, live fetch 2026-09-11. modified_date: declared by the page, Open Graph article:modified_time, live fetch 2026-09-11"
2026-09-11,chatgpt,saas,"whats the best way to get data into power bi from google analytics, campaign manager 360 and hubspot? looking for a connector or etl tool that handles all three",4,https://supermetrics.com/connectors/google-analytics-4?utm_source=chatgpt.com,https://supermetrics.com/connectors/google-analytics-4?utm_source=chatgpt.com,2021-01-25,True,2025-12-30,True,"created_date: APPROXIMATE, upper bound — first Wayback Machine capture 2021-01-25; the page existed by then (41 monthly captures on record). modified_date: APPROXIMATE — article prose changed between the Wayback Machine capture of 2025-12-09 and the Wayback capture of 2026-01-21; midpoint reported, window 42 days, 5 captures compared"
2026-09-11,chatgpt,saas,"whats the best way to get data into power bi from google analytics, campaign manager 360 and hubspot? looking for a connector or etl tool that handles all three",5,https://supermetrics.com/connect/ga4-to-power-bi?utm_source=chatgpt.com,https://supermetrics.com/connect/ga4-to-power-bi?utm_source=chatgpt.com,2026-06-13,True,2026-06-13,True,"created_date: APPROXIMATE, upper bound — first Wayback Machine capture 2026-06-13; the page existed by then (1 monthly captures on record). modified_date: APPROXIMATE, upper bound — article prose identical to the first Wayback Machine capture 2026-06-13; the last edit predates the archive"
2026-09-11,chatgpt,saas,"whats the best way to get data into power bi from google analytics, campaign manager 360 and hubspot? looking for a connector or etl tool that handles all three",6,https://supermetrics.com/platform/connect-data?utm_source=chatgpt.com,https://supermetrics.com/platform/connect-data?utm_source=chatgpt.com,2025-01-01,True,2025-10-27,True,"created_date: APPROXIMATE, upper bound — first Wayback Machine capture 2025-01-01; the page existed by then (20 monthly captures on record). modified_date: APPROXIMATE — article prose changed between the Wayback Machine capture of 2025-10-08 and the Wayback capture of 2025-11-14; midpoint reported, window 37 days, 4 captures compared"
2026-09-11,chatgpt,saas,"whats the best way to get data into power bi from google analytics, campaign manager 360 and hubspot? looking for a connector or etl tool that handles all three",7,https://www.fivetran.com/connectors/hubspot?utm_source=chatgpt.com,https://www.fivetran.com/connectors/hubspot?utm_source=chatgpt.com,2020-09-30,True,2026-04-07,True,"created_date: APPROXIMATE, upper bound — first Wayback Machine capture 2020-09-30; the page existed by then (37 monthly captures on record). modified_date: APPROXIMATE — article prose changed between the Wayback Machine capture of 2026-03-05 and the Wayback capture of 2026-05-11; midpoint reported, window 66 days, 4 captures compared"
2026-09-11,chatgpt,saas,"whats the best way to get data into power bi from google analytics, campaign manager 360 and hubspot? looking for a connector or etl tool that handles all three",8,https://www.fivetran.com/connectors/google-analytics-360?utm_source=chatgpt.com,https://www.fivetran.com/connectors/google-analytics-360?utm_source=chatgpt.com,2020-09-30,True,2026-05-08,True,"created_date: APPROXIMATE, upper bound — first Wayback Machine capture 2020-09-30; the page existed by then (24 monthly captures on record). modified_date: APPROXIMATE — article prose changed between the Wayback Machine capture of 2026-04-01 and the Wayback capture of 2026-06-14; midpoint reported, window 74 days, 4 captures compared"
2026-09-11,chatgpt,saas,"whats the best way to get data into power bi from google analytics, campaign manager 360 and hubspot? looking for a connector or etl tool that handles all three",9,https://fivetran.com/docs/connectors/applications/google-analytics-4?utm_source=chatgpt.com,https://fivetran.com/docs/connectors/applications/google-analytics-4?utm_source=chatgpt.com,2024-04-13,True,2024-11-30,True,"created_date: APPROXIMATE, upper bound — first Wayback Machine capture 2024-04-13; the page existed by then (10 monthly captures on record). modified_date: APPROXIMATE — article prose changed between the Wayback Machine capture of 2024-08-10 and the Wayback capture of 2025-03-23; midpoint reported, window 225 days, 4 captures compared"
2026-09-11,chatgpt,travel,Best car rental in the 90230  zip code,1,https://local.yahoo.com/car-rentals/ca/culvercity/?utm_source=chatgpt.com,https://local.yahoo.com/car-rentals/ca/culvercity/?utm_source=chatgpt.com,,False,,False,created_date: none — never archived by the Wayback Machine. modified_date: none — page declares no modified date; never archived by the Wayback Machine
2026-09-11,chatgpt,travel,Best car rental in the 90230  zip code,2,https://www.yellowpages.com/fox-hills-ca/car-rental?utm_source=chatgpt.com,https://www.yellowpages.com/fox-hills-ca/car-rental?utm_source=chatgpt.com,,False,,False,created_date: none — never archived by the Wayback Machine. modified_date: none — page declares no modified date; never archived by the Wayback Machine
2026-09-11,chatgpt,travel,Best car rental in the 90230  zip code,3,https://www.budget.com/en/locations/us/ca/culver-city/c2c?utm_source=chatgpt.com,https://www.budget.com/en/locations/us/ca/culver-city/c2c?utm_source=chatgpt.com,2019-10-14,True,2025-07-13,True,"created_date: APPROXIMATE, upper bound — first Wayback Machine capture 2019-10-14; the page existed by then (20 monthly captures on record). modified_date: APPROXIMATE — article prose changed between the Wayback Machine capture of 2025-05-13 and the Wayback capture of 2025-09-12; midpoint reported, window 121 days, 5 captures compared"
2026-09-11,chatgpt,travel,Best car rental in the 90230  zip code,4,https://www.avis.ca/en/locations/us/ca/culver-city/v06?utm_source=chatgpt.com,https://www.avis.ca/en/locations/us/ca/culver-city/v06?utm_source=chatgpt.com,2019-08-21,True,2025-07-05,True,"created_date: APPROXIMATE, upper bound — first Wayback Machine capture 2019-08-21; the page existed by then (4 monthly captures on record). modified_date: APPROXIMATE — article prose changed between the Wayback Machine capture of 2024-04-29 and the live page; midpoint reported, window 864 days, 1 captures compared"
2026-09-11,chatgpt,travel,Best car rental in the 90230  zip code,5,https://www.kayak.com/Cheap-Culver-City-Car-Rentals.10450.cars.ksp?utm_source=chatgpt.com,https://www.kayak.com/Cheap-Culver-City-Car-Rentals.10450.cars.ksp?utm_source=chatgpt.com,2011-12-31,True,2026-09-11,True,"created_date: APPROXIMATE, upper bound — first Wayback Machine capture 2011-12-31; the page existed by then (26 monthly captures on record). modified_date: APPROXIMATE — rotating listing (directory, route or deals page); entries differ under every Wayback capture, so treated as updated at the run date"
2026-09-11,chatgpt,saas,top productivity apps to break through procrastination and become hyper focused on tasks,1,https://lp-regional-test.todoist.com/features?utm_source=chatgpt.com,https://lp-regional-test.todoist.com/features?utm_source=chatgpt.com,,False,,False,created_date: none — never archived by the Wayback Machine. modified_date: none — page declares no modified date; never archived by the Wayback Machine
2026-09-11,chatgpt,saas,top productivity apps to break through procrastination and become hyper focused on tasks,2,https://www.todoist.com/help/todoist/get-started/get-started-with-todoist-OgNNJR?utm_source=chatgpt.com,https://www.todoist.com/help/todoist/get-started/get-started-with-todoist-OgNNJR?utm_source=chatgpt.com,,False,,False,created_date: none — never archived by the Wayback Machine. modified_date: none — page declares no modified date; never archived by the Wayback Machine
2026-09-11,chatgpt,saas,top productivity apps to break through procrastination and become hyper focused on tasks,3,https://www.todoist.com/pricing/?utm_source=chatgpt.com,https://www.todoist.com/pricing/?utm_source=chatgpt.com,2012-05-23,True,,False,"created_date: APPROXIMATE, upper bound — first Wayback Machine capture 2012-05-23; the page existed by then (105 monthly captures on record). modified_date: none — page declares no modified date; no extractable prose (JS-rendered, PDF or bot wall), so captures cannot be compared"
2026-09-11,chatgpt,saas,top productivity apps to break through procrastination and become hyper focused on tasks,4,https://api.freedom.to/features?utm_source=chatgpt.com,https://api.freedom.to/features?utm_source=chatgpt.com,,False,,False,created_date: none — never archived by the Wayback Machine. modified_date: none — page declares no modified date; never archived by the Wayback Machine
2026-09-11,chatgpt,saas,top productivity apps to break through procrastination and become hyper focused on tasks,5,https://freedom.to/freedom-for-android?utm_source=chatgpt.com,https://freedom.to/freedom-for-android?utm_source=chatgpt.com,2019-06-17,True,2026-01-17,True,"created_date: APPROXIMATE, upper bound — first Wayback Machine capture 2019-06-17; the page existed by then (22 monthly captures on record). modified_date: APPROXIMATE — article prose changed between the Wayback Machine capture of 2025-12-16 and the Wayback capture of 2026-02-18; midpoint reported, window 64 days, 4 captures compared"
2026-09-11,chatgpt,saas,top productivity apps to break through procrastination and become hyper focused on tasks,6,https://www.focusmate.com/?utm_source=chatgpt.com,https://www.focusmate.com/?utm_source=chatgpt.com,2021-12-17,False,2026-02-10,False,"created_date: declared by the page, JSON-LD datePublished, live fetch 2026-09-11. modified_date: declared by the page, JSON-LD dateModified, live fetch 2026-09-11"
2026-09-11,chatgpt,finance,"Can you suggest the most financially viable methods of commercial money transfers? My clients are in the United States, and I am located in the United Kingdom. Could you update or provide better solutions to save money?",1,https://wise.com/gb/blog/wise-business-vs-airwallex?utm_source=chatgpt.com,https://wise.com/gb/blog/wise-business-vs-airwallex?utm_source=chatgpt.com,2026-03-23,False,2026-03-23,False,"created_date: declared by the page, Open Graph article:published_time, live fetch 2026-09-11. modified_date: declared by the page, Open Graph article:modified_time, live fetch 2026-09-11"
2026-09-11,chatgpt,finance,"Can you suggest the most financially viable methods of commercial money transfers? My clients are in the United States, and I am located in the United Kingdom. Could you update or provide better solutions to save money?",2,https://wise.com/help/articles/4IusAofIppsIGPcs7sEIXI/how-our-uk-entity-wise-payments-ltd-safeguards-customer-funds?utm_source=chatgpt.com,https://wise.com/help/articles/4IusAofIppsIGPcs7sEIXI/how-our-uk-entity-wise-payments-ltd-safeguards-customer-funds?utm_source=chatgpt.com,2023-01-26,True,2024-06-09,True,"created_date: APPROXIMATE, upper bound — first Wayback Machine capture 2023-01-26; the page existed by then (14 monthly captures on record). modified_date: APPROXIMATE — article prose changed between the Wayback Machine capture of 2024-03-20 and the Wayback capture of 2024-08-30; midpoint reported, window 163 days, 4 captures compared"
2026-09-11,chatgpt,finance,"Can you suggest the most financially viable methods of commercial money transfers? My clients are in the United States, and I am located in the United Kingdom. Could you update or provide better solutions to save money?",3,https://wise.com/gb/business/?utm_source=chatgpt.com,https://wise.com/gb/business/?utm_source=chatgpt.com,2021-03-05,True,2026-08-31,True,"created_date: APPROXIMATE, upper bound — first Wayback Machine capture 2021-03-05; the page existed by then (64 monthly captures on record). modified_date: APPROXIMATE — article prose changed between the Wayback Machine capture of 2026-08-21 and the live page; midpoint reported, window 20 days, 5 captures compared"
2026-09-11,chatgpt,finance,"Can you suggest the most financially viable methods of commercial money transfers? My clients are in the United States, and I am located in the United Kingdom. Could you update or provide better solutions to save money?",4,https://www.airwallex.com/us/blog/compare-international-business-bank-account?utm_source=chatgpt.com,https://www.airwallex.com/us/blog/compare-international-business-bank-account?utm_source=chatgpt.com,,False,,False,"platform page (Google surface, video or social); never states page dates; not checked"
2026-09-11,chatgpt,finance,"Can you suggest the most financially viable methods of commercial money transfers? My clients are in the United States, and I am located in the United Kingdom. Could you update or provide better solutions to save money?",5,https://www.airwallex.com/en-us/blog/compare-international-business-bank-account?utm_source=chatgpt.com,https://www.airwallex.com/en-us/blog/compare-international-business-bank-account?utm_source=chatgpt.com,,False,,False,"platform page (Google surface, video or social); never states page dates; not checked"
2026-09-11,chatgpt,finance,"Can you suggest the most financially viable methods of commercial money transfers? My clients are in the United States, and I am located in the United Kingdom. Could you update or provide better solutions to save money?",6,https://www.airwallex.com/uk/business-account?utm_source=chatgpt.com,https://www.airwallex.com/uk/business-account?utm_source=chatgpt.com,,False,,False,"platform page (Google surface, video or social); never states page dates; not checked"
2026-09-11,chatgpt,finance,"Can you suggest the most financially viable methods of commercial money transfers? My clients are in the United States, and I am located in the United Kingdom. Could you update or provide better solutions to save money?",7,https://www.revolut.com/business/business-account-plans/?utm_source=chatgpt.com,https://www.revolut.com/business/business-account-plans/?utm_source=chatgpt.com,2020-06-28,True,2026-07-29,True,"created_date: APPROXIMATE, upper bound — first Wayback Machine capture 2020-06-28; the page existed by then (45 monthly captures on record). modified_date: APPROXIMATE — rotating listing (directory, route or deals page); entries differ under every Wayback capture, so treated as updated at the run date"
2026-09-11,chatgpt,finance,"Can you suggest the most financially viable methods of commercial money transfers? My clients are in the United States, and I am located in the United Kingdom. Could you update or provide better solutions to save money?",8,https://www.ft.com/content/0cec244d-3308-4b47-b7af-9ea5dba776f8?utm_source=chatgpt.com,https://www.ft.com/content/0cec244d-3308-4b47-b7af-9ea5dba776f8?utm_source=chatgpt.com,,False,,False,created_date: none — never archived by the Wayback Machine. modified_date: none — page declares no modified date; never archived by the Wayback Machine
2026-09-11,chatgpt,finance,"Can you suggest the most financially viable methods of commercial money transfers? My clients are in the United States, and I am located in the United Kingdom. Could you update or provide better solutions to save money?",9,https://www.revolut.com/business/?utm_source=chatgpt.com,https://www.revolut.com/business/?utm_source=chatgpt.com,2017-06-26,True,,False,"created_date: APPROXIMATE, upper bound — first Wayback Machine capture 2017-06-26; the page existed by then (38 monthly captures on record). modified_date: none — page declares no modified date; live fetch refused and no recent Wayback capture to stand in"
2026-09-11,chatgpt,finance,"Can you suggest the most financially viable methods of commercial money transfers? My clients are in the United States, and I am located in the United Kingdom. Could you update or provide better solutions to save money?",10,https://www.ofx.com/en-us/blog/best-international-business-bank-accounts-usa/?utm_source=chatgpt.com,https://www.ofx.com/en-us/blog/best-international-business-bank-accounts-usa/?utm_source=chatgpt.com,,False,,False,"platform page (Google surface, video or social); never states page dates; not checked"
2026-09-11,chatgpt,finance,"Can you suggest the most financially viable methods of commercial money transfers? My clients are in the United States, and I am located in the United Kingdom. Could you update or provide better solutions to save money?",11,https://wise.com/au/blog/ofx-vs-wise?utm_source=chatgpt.com,https://wise.com/au/blog/ofx-vs-wise?utm_source=chatgpt.com,2026-03-10,False,2026-03-10,False,"created_date: declared by the page, Open Graph article:published_time, live fetch 2026-09-11. modified_date: declared by the page, Open Graph article:modified_time, live fetch 2026-09-11"
2026-09-11,chatgpt,finance,"Can you suggest the most financially viable methods of commercial money transfers? My clients are in the United States, and I am located in the United Kingdom. Could you update or provide better solutions to save money?",12,https://www.ofx.com/en-gb/business/?utm_source=chatgpt.com,https://www.ofx.com/en-gb/business/?utm_source=chatgpt.com,,False,,False,"platform page (Google surface, video or social); never states page dates; not checked"
2026-09-11,chatgpt,finance,"Can you suggest the most financially viable methods of commercial money transfers? My clients are in the United States, and I am located in the United Kingdom. Could you update or provide better solutions to save money?",13,https://www.gov.uk/guidance/vat-place-of-supply-of-services-notice-741a?utm_source=chatgpt.com,https://www.gov.uk/guidance/vat-place-of-supply-of-services-notice-741a?utm_source=chatgpt.com,2010-02-24,False,2022-09-29,False,"created_date: declared by the page, JSON-LD datePublished, live fetch 2026-09-11. modified_date: declared by the page, JSON-LD dateModified, live fetch 2026-09-11"
2026-09-11,chatgpt,finance,"Can you suggest the most financially viable methods of commercial money transfers? My clients are in the United States, and I am located in the United Kingdom. Could you update or provide better solutions to save money?",14,https://www.business.gov.uk/export-from-uk/learn/categories/prepare-sell-new-country/selling-services-overseas/paying-vat-when-exporting-a-service/?utm_source=chatgpt.com,https://www.business.gov.uk/export-from-uk/learn/categories/prepare-sell-new-country/selling-services-overseas/paying-vat-when-exporting-a-service/?utm_source=chatgpt.com,2025-06-17,True,2025-06-17,True,"created_date: APPROXIMATE, upper bound — first Wayback Machine capture 2025-06-17; the page existed by then (6 monthly captures on record). modified_date: APPROXIMATE, upper bound — article prose identical to the first Wayback Machine capture 2025-06-17; the last edit predates the archive"
2026-09-11,chatgpt,local_services,Can you help me find a reliable end of tenancy cleaning service in London for my flat?,1,https://www.checkatrade.com/trades/clcleaningservices?utm_source=chatgpt.com,https://www.checkatrade.com/trades/clcleaningservices?utm_source=chatgpt.com,2026-08-21,False,,False,"created_date: declared by the page, JSON-LD datePublished, live fetch 2026-09-11. modified_date: none — page declares no modified date; live fetch refused and no recent Wayback capture to stand in"
2026-09-11,chatgpt,local_services,Can you help me find a reliable end of tenancy cleaning service in London for my flat?,2,https://uk.trustpilot.com/review/endoftenancylondon.co.uk?utm_source=chatgpt.com,https://uk.trustpilot.com/review/endoftenancylondon.co.uk?utm_source=chatgpt.com,,False,,False,created_date: none — never archived by the Wayback Machine. modified_date: none — page declares no modified date; never archived by the Wayback Machine
2026-09-11,chatgpt,local_services,Can you help me find a reliable end of tenancy cleaning service in London for my flat?,3,https://www.trustpilot.com/review/endoftenancylondon.co.uk?utm_source=chatgpt.com,https://www.trustpilot.com/review/endoftenancylondon.co.uk?utm_source=chatgpt.com,,False,,False,created_date: none — page refused the fetch. modified_date: none — page declares no modified date; Wayback fetch error
2026-09-11,chatgpt,local_services,how much do you think it would cost to turn a shipping container into a small server room in estonia?,1,https://northestonia.ee/en/?utm_source=chatgpt.com,https://northestonia.ee/en/?utm_source=chatgpt.com,2026-04-15,True,2026-09-11,True,"created_date: APPROXIMATE, upper bound — first Wayback Machine capture 2026-04-15; the page existed by then (1 monthly captures on record). modified_date: APPROXIMATE — rotating listing (directory, route or deals page); entries differ under every Wayback capture, so treated as updated at the run date"
2026-09-11,chatgpt,local_services,how much do you think it would cost to turn a shipping container into a small server room in estonia?,2,https://www.miil.ee/en/e-shop/page/10/?utm_source=chatgpt.com,https://www.miil.ee/en/e-shop/page/10/?utm_source=chatgpt.com,,False,,False,created_date: none — never archived by the Wayback Machine. modified_date: none — page declares no modified date; never archived by the Wayback Machine
2026-09-11,chatgpt,local_services,how much do you think it would cost to turn a shipping container into a small server room in estonia?,3,https://www.miil.ee/en/merekonteinerid/equipment/?utm_source=chatgpt.com,https://www.miil.ee/en/merekonteinerid/equipment/?utm_source=chatgpt.com,2022-12-10,True,,False,"created_date: APPROXIMATE, upper bound — first Wayback Machine capture 2022-12-10; the page existed by then (4 monthly captures on record). modified_date: none — page declares no modified date; no extractable prose (JS-rendered, PDF or bot wall), so captures cannot be compared"
2026-09-11,chatgpt,local_services,how much do you think it would cost to turn a shipping container into a small server room in estonia?,4,https://imatraelekter.ee/vorguteenus/liitumine-elektrivorguga/?utm_source=chatgpt.com,https://imatraelekter.ee/vorguteenus/liitumine-elektrivorguga/?utm_source=chatgpt.com,2025-03-18,False,2026-04-30,False,"created_date: declared by the page, JSON-LD datePublished, live fetch 2026-09-11. modified_date: declared by the page, Open Graph article:modified_time, live fetch 2026-09-11"
2026-09-11,chatgpt,local_services,how much do you think it would cost to turn a shipping container into a small server room in estonia?,5,https://imatraelekter.ee/en/network-service/connection-network/?utm_source=chatgpt.com,https://imatraelekter.ee/en/network-service/connection-network/?utm_source=chatgpt.com,2025-03-08,False,2025-08-04,False,"created_date: declared by the page, JSON-LD datePublished, live fetch 2026-09-11. modified_date: declared by the page, Open Graph article:modified_time, live fetch 2026-09-11"
2026-09-11,chatgpt,local_services,how much do you think it would cost to turn a shipping container into a small server room in estonia?,6,https://elering.ee/en/connection-fees?utm_source=chatgpt.com,https://elering.ee/en/connection-fees?utm_source=chatgpt.com,2025-06-18,True,2026-06-02,True,"created_date: APPROXIMATE, upper bound — first Wayback Machine capture 2025-06-18; the page existed by then (5 monthly captures on record). modified_date: APPROXIMATE — article prose changed between the Wayback Machine capture of 2026-02-21 and the live page; midpoint reported, window 201 days, 3 captures compared"
2026-09-11,chatgpt,local_services,how much do you think it would cost to turn a shipping container into a small server room in estonia?,7,https://elering.ee/en/connection-conditions-and-legislation-0?utm_source=chatgpt.com,https://elering.ee/en/connection-conditions-and-legislation-0?utm_source=chatgpt.com,2025-06-18,True,2026-09-11,True,"created_date: APPROXIMATE, upper bound — first Wayback Machine capture 2025-06-18; the page existed by then (6 monthly captures on record). modified_date: APPROXIMATE — rotating listing (directory, route or deals page); entries differ under every Wayback capture, so treated as updated at the run date"
2026-09-11,chatgpt,saas,What is the best music-making software.,1,https://tools4music.com/blog/best-daws-music-production-2026?utm_source=chatgpt.com,https://tools4music.com/blog/best-daws-music-production-2026?utm_source=chatgpt.com,2026-03-07,False,2026-08-09,False,"created_date: declared by the page, Open Graph article:published_time, live fetch 2026-09-11. modified_date: declared by the page, Open Graph article:modified_time, live fetch 2026-09-11"
2026-09-11,chatgpt,saas,What is the best music-making software.,2,https://producerhub.co.uk/daws/?utm_source=chatgpt.com,https://producerhub.co.uk/daws/?utm_source=chatgpt.com,,False,,False,created_date: none — never archived by the Wayback Machine. modified_date: none — page declares no modified date; never archived by the Wayback Machine
2026-09-11,chatgpt,saas,What is the best music-making software.,3,https://pickmysoft.com/blog/best-software-for-music-production?utm_source=chatgpt.com,https://pickmysoft.com/blog/best-software-for-music-production?utm_source=chatgpt.com,2026-08-06,False,2026-09-08,False,"created_date: declared by the page, Open Graph article:published_time, live fetch 2026-09-11. modified_date: declared by the page, Open Graph article:modified_time, live fetch 2026-09-11"
2026-09-11,chatgpt,saas,What is the best music-making software.,4,https://freshlybakedstudios.com/blog/best-daw-for-music-production?utm_source=chatgpt.com,https://freshlybakedstudios.com/blog/best-daw-for-music-production?utm_source=chatgpt.com,2026-08-06,False,2026-08-06,False,"created_date: declared by the page, Open Graph article:published_time, live fetch 2026-09-11. modified_date: declared by the page, Open Graph article:modified_time, live fetch 2026-09-11"
2026-09-11,chatgpt,saas,What is the best music-making software.,5,https://www.borntoproduce.com/blogs/blog/cubase-vs-ableton-vs-fl-studio-vs-logic?utm_source=chatgpt.com,https://www.borntoproduce.com/blogs/blog/cubase-vs-ableton-vs-fl-studio-vs-logic?utm_source=chatgpt.com,2026-01-21,False,,False,"created_date: declared by the page, JSON-LD datePublished, live fetch 2026-09-11. modified_date: none — page declares no modified date; Wayback fetch error"
2026-09-11,chatgpt,saas,What is the best music-making software.,6,https://beatstorapon.com/blog/best-daw-2026-comparison/?utm_source=chatgpt.com,https://beatstorapon.com/blog/best-daw-2026-comparison/?utm_source=chatgpt.com,2026-06-03,False,2026-06-03,False,"created_date: declared by the page, Open Graph article:published_time, live fetch 2026-09-11. modified_date: declared by the page, Open Graph article:modified_time, live fetch 2026-09-11"
2026-09-11,chatgpt,saas,"You are asked to evaluate different vendors for k8s support. You are considering Spectrocloud and Rancher... Also, just compare Spectrocloud and Rancher.",1,https://documentation.suse.com/cloudnative/rancher-manager/latest/en/about-rancher/what-is-rancher.html?utm_source=chatgpt.com,https://documentation.suse.com/cloudnative/rancher-manager/latest/en/about-rancher/what-is-rancher.html?utm_source=chatgpt.com,,False,2026-06-16,False,"created_date: none — page declares no publish date; not archived. modified_date: declared by the page, JSON-LD dateModified, live fetch 2026-09-11"
2026-09-11,chatgpt,saas,"You are asked to evaluate different vendors for k8s support. You are considering Spectrocloud and Rancher... Also, just compare Spectrocloud and Rancher.",2,https://documentation.suse.com/cloudnative/rancher-manager/latest/en/integrations/fleet/overview.html?utm_source=chatgpt.com,https://documentation.suse.com/cloudnative/rancher-manager/latest/en/integrations/fleet/overview.html?utm_source=chatgpt.com,,False,2026-09-02,False,"created_date: none — page declares no publish date; not archived. modified_date: declared by the page, JSON-LD dateModified, live fetch 2026-09-11"
2026-09-11,chatgpt,saas,"You are asked to evaluate different vendors for k8s support. You are considering Spectrocloud and Rancher... Also, just compare Spectrocloud and Rancher.",3,https://www.spectrocloud.com/platform/palette?utm_source=chatgpt.com,https://www.spectrocloud.com/platform/palette?utm_source=chatgpt.com,2020-03-27,False,2026-03-16,False,"created_date: declared by the page, JSON-LD datePublished, live fetch 2026-09-11. modified_date: declared by the page, JSON-LD dateModified, live fetch 2026-09-11"
2026-09-11,chatgpt,saas,"You are asked to evaluate different vendors for k8s support. You are considering Spectrocloud and Rancher... Also, just compare Spectrocloud and Rancher.",4,https://docs.spectrocloud.com/architecture/architecture-overview/?utm_source=chatgpt.com,https://docs.spectrocloud.com/architecture/architecture-overview/?utm_source=chatgpt.com,2023-02-03,True,2025-11-14,True,"created_date: APPROXIMATE, upper bound — first Wayback Machine capture 2023-02-03; the page existed by then (5 monthly captures on record). modified_date: APPROXIMATE — article prose changed between the Wayback Machine capture of 2025-01-18 and the live page; midpoint reported, window 600 days, 3 captures compared"
2026-09-11,chatgpt,saas,"You are asked to evaluate different vendors for k8s support. You are considering Spectrocloud and Rancher... Also, just compare Spectrocloud and Rancher.",5,https://www.spectrocloud.com/platform/decentralized-architecture?utm_source=chatgpt.com,https://www.spectrocloud.com/platform/decentralized-architecture?utm_source=chatgpt.com,2020-03-27,False,2026-03-16,False,"created_date: declared by the page, JSON-LD datePublished, live fetch 2026-09-11. modified_date: declared by the page, JSON-LD dateModified, live fetch 2026-09-11"
2026-09-11,chatgpt,saas,"You are asked to evaluate different vendors for k8s support. You are considering Spectrocloud and Rancher... Also, just compare Spectrocloud and Rancher.",6,https://www.spectrocloud.com/edge?utm_source=chatgpt.com,https://www.spectrocloud.com/edge?utm_source=chatgpt.com,2020-03-27,False,2023-06-16,False,"created_date: declared by the page, JSON-LD datePublished, live fetch 2026-09-11. modified_date: declared by the page, JSON-LD dateModified, live fetch 2026-09-11"
2026-09-11,chatgpt,saas,"You are asked to evaluate different vendors for k8s support. You are considering Spectrocloud and Rancher... Also, just compare Spectrocloud and Rancher.",7,https://ranchermanager.docs.rancher.com/integrations-in-rancher/?utm_source=chatgpt.com,https://ranchermanager.docs.rancher.com/integrations-in-rancher/?utm_source=chatgpt.com,2024-02-27,True,,False,"created_date: APPROXIMATE, upper bound — first Wayback Machine capture 2024-02-27; the page existed by then (18 monthly captures on record). modified_date: none — only an HTTP Last-Modified header (deploy time, not an edit); no extractable prose (JS-rendered, PDF or bot wall), so captures cannot be compared"
2026-09-11,chatgpt,saas,"You are asked to evaluate different vendors for k8s support. You are considering Spectrocloud and Rancher... Also, just compare Spectrocloud and Rancher.",8,https://documentation.suse.com/cloudnative/rancher-manager/latest/en/about-rancher/prime.html?utm_source=chatgpt.com,https://documentation.suse.com/cloudnative/rancher-manager/latest/en/about-rancher/prime.html?utm_source=chatgpt.com,,False,2025-08-05,False,"created_date: none — page declares no publish date; not archived. modified_date: declared by the page, JSON-LD dateModified, live fetch 2026-09-11"
2026-09-11,chatgpt,saas,"You are asked to evaluate different vendors for k8s support. You are considering Spectrocloud and Rancher... Also, just compare Spectrocloud and Rancher.",9,https://www.rancher.com/index.php/products/rancher-platform?utm_source=chatgpt.com,https://www.rancher.com/index.php/products/rancher-platform?utm_source=chatgpt.com,2025-09-14,True,2026-06-09,True,"created_date: APPROXIMATE, upper bound — first Wayback Machine capture 2025-09-14; the page existed by then (2 monthly captures on record). modified_date: APPROXIMATE — article prose changed between the Wayback Machine capture of 2026-03-07 and the live page; midpoint reported, window 187 days, 2 captures compared"
2026-09-11,chatgpt,saas,"You are asked to evaluate different vendors for k8s support. You are considering Spectrocloud and Rancher... Also, just compare Spectrocloud and Rancher.",10,https://www.rancher.com/products/rancher-platform?utm_source=chatgpt.com,https://www.rancher.com/products/rancher-platform?utm_source=chatgpt.com,2023-11-10,True,2026-03-27,True,"created_date: APPROXIMATE, upper bound — first Wayback Machine capture 2023-11-10; the page existed by then (28 monthly captures on record). modified_date: APPROXIMATE — article prose changed between the Wayback Machine capture of 2026-03-11 and the Wayback capture of 2026-04-11; midpoint reported, window 30 days, 5 captures compared"
2026-09-11,chatgpt,saas,"You are asked to evaluate different vendors for k8s support. You are considering Spectrocloud and Rancher... Also, just compare Spectrocloud and Rancher.",11,https://www.spectrocloud.com/how-palette-compares?utm_source=chatgpt.com,https://www.spectrocloud.com/how-palette-compares?utm_source=chatgpt.com,2020-03-27,False,2023-07-06,False,"created_date: declared by the page, JSON-LD datePublished, live fetch 2026-09-11. modified_date: declared by the page, JSON-LD dateModified, live fetch 2026-09-11"
2026-09-11,chatgpt,shopping,"list me all the phones strictly under 200 USD,amoled,120hz +, 128gb storage with option of sd with two simms if not then go for 256gb, rear cam 50pix+, with android 14 ,5000ma +",1,https://www.mi.com/?utm_source=chatgpt.com,https://www.mi.com/?utm_source=chatgpt.com,1999-01-17,True,,False,"created_date: APPROXIMATE, upper bound — first Wayback Machine capture 1999-01-17; the page existed by then (49 monthly captures on record). modified_date: none — page declares no modified date; live fetch refused and no recent Wayback capture to stand in"
2026-09-11,chatgpt,shopping,"list me all the phones strictly under 200 USD,amoled,120hz +, 128gb storage with option of sd with two simms if not then go for 256gb, rear cam 50pix+, with android 14 ,5000ma +",2,https://cincodias.elpais.com/smartlife/smartphones/2024-12-18/nuevo-telefono-poco-m7-pro-5g-una-gran-evolucion-a-precio-imbatible.html?utm_source=chatgpt.com,https://cincodias.elpais.com/smartlife/smartphones/2024-12-18/nuevo-telefono-poco-m7-pro-5g-una-gran-evolucion-a-precio-imbatible.html?utm_source=chatgpt.com,2024-12-18,False,2024-12-18,False,"created_date: declared by the page, Open Graph article:published_time, live fetch 2026-09-11. modified_date: declared by the page, Open Graph article:modified_time, live fetch 2026-09-11"
2026-09-11,chatgpt,shopping,"list me all the phones strictly under 200 USD,amoled,120hz +, 128gb storage with option of sd with two simms if not then go for 256gb, rear cam 50pix+, with android 14 ,5000ma +",3,https://www.amazon.com/Motorola-5000mah-Battery-Unlocked-International/dp/B0D4R89TZV?utm_source=chatgpt.com,https://www.amazon.com/Motorola-5000mah-Battery-Unlocked-International/dp/B0D4R89TZV?utm_source=chatgpt.com,2024-12-14,True,,False,"created_date: APPROXIMATE, upper bound — first Wayback Machine capture 2024-12-14; the page existed by then (2 monthly captures on record). modified_date: none — page declares no modified date; no extractable prose (JS-rendered, PDF or bot wall), so captures cannot be compared"
2026-09-11,chatgpt,shopping,"list me all the phones strictly under 200 USD,amoled,120hz +, 128gb storage with option of sd with two simms if not then go for 256gb, rear cam 50pix+, with android 14 ,5000ma +",4,https://www.samsung.com/?utm_source=chatgpt.com,https://www.samsung.com/?utm_source=chatgpt.com,2026-07-21,False,2026-07-21,False,"created_date: declared by the page, JSON-LD datePublished, live fetch 2026-09-11. modified_date: declared by the page, JSON-LD dateModified, live fetch 2026-09-11"
2026-09-11,chatgpt,shopping,"list me all the phones strictly under 200 USD,amoled,120hz +, 128gb storage with option of sd with two simms if not then go for 256gb, rear cam 50pix+, with android 14 ,5000ma +",5,https://en-us.support.motorola.com/?utm_source=chatgpt.com,https://en-us.support.motorola.com/?utm_source=chatgpt.com,2023-03-08,True,,False,"created_date: APPROXIMATE, upper bound — first Wayback Machine capture 2023-03-08; the page existed by then (41 monthly captures on record). modified_date: none — page declares no modified date; no extractable prose (JS-rendered, PDF or bot wall), so captures cannot be compared"
2026-09-11,chatgpt,shopping,"list me all the phones strictly under 200 USD,amoled,120hz +, 128gb storage with option of sd with two simms if not then go for 256gb, rear cam 50pix+, with android 14 ,5000ma +",6,https://mightygadget.com/?utm_source=chatgpt.com,https://mightygadget.com/?utm_source=chatgpt.com,2003-10-15,True,2026-09-11,True,"created_date: APPROXIMATE, upper bound — first Wayback Machine capture 2003-10-15; the page existed by then (66 monthly captures on record). modified_date: APPROXIMATE — rotating listing (directory, route or deals page); entries differ under every Wayback capture, so treated as updated at the run date"
2026-09-11,chatgpt,finance,i want to find crypto tokens that were previously dead and have started showing increasing trader activity again. how can i find these?,1,https://coinbeacon.io/features/volume-analysis?utm_source=chatgpt.com,https://coinbeacon.io/features/volume-analysis?utm_source=chatgpt.com,,False,,False,created_date: none — never archived by the Wayback Machine. modified_date: none — page declares no modified date; never archived by the Wayback Machine
2026-09-11,chatgpt,finance,i want to find crypto tokens that were previously dead and have started showing increasing trader activity again. how can i find these?,2,https://coinbeacon.io/volume-movers?utm_source=chatgpt.com,https://coinbeacon.io/volume-movers?utm_source=chatgpt.com,,False,,False,created_date: none — never archived by the Wayback Machine. modified_date: none — page declares no modified date; never archived by the Wayback Machine
2026-09-11,chatgpt,finance,i want to find crypto tokens that were previously dead and have started showing increasing trader activity again. how can i find these?,3,https://www.jackal.sh/?utm_source=chatgpt.com,https://www.jackal.sh/?utm_source=chatgpt.com,,False,,False,created_date: none — never archived by the Wayback Machine. modified_date: none — page declares no modified date; never archived by the Wayback Machine
2026-09-11,chatgpt,finance,i want to find crypto tokens that were previously dead and have started showing increasing trader activity again. how can i find these?,4,https://holderos.com/?utm_source=chatgpt.com,https://holderos.com/?utm_source=chatgpt.com,,False,,False,created_date: none — never archived by the Wayback Machine. modified_date: none — page declares no modified date; never archived by the Wayback Machine
2026-09-11,chatgpt,finance,i want to find crypto tokens that were previously dead and have started showing increasing trader activity again. how can i find these?,5,https://www.sharpe.ai/products/token-scanner?utm_source=chatgpt.com,https://www.sharpe.ai/products/token-scanner?utm_source=chatgpt.com,2024-01-01,False,2026-07-15,True,"created_date: declared by the page, JSON-LD datePublished, live fetch 2026-09-11. modified_date: APPROXIMATE — article prose changed between the Wayback Machine capture of 2026-05-18 and the live page; midpoint reported, window 115 days, 1 captures compared"
2026-09-11,chatgpt,finance,i want to find crypto tokens that were previously dead and have started showing increasing trader activity again. how can i find these?,6,https://baseradar.app/?utm_source=chatgpt.com,https://baseradar.app/?utm_source=chatgpt.com,,False,,False,created_date: none — never archived by the Wayback Machine. modified_date: none — page declares no modified date; never archived by the Wayback Machine
2026-09-11,chatgpt,travel,whats the cheapest place to go skiing in france,1,https://forfait.lesorres.com/en/?utm_source=chatgpt.com,https://forfait.lesorres.com/en/?utm_source=chatgpt.com,2021-03-02,False,2021-05-03,False,"created_date: declared in the Wayback Machine capture of 2021-05-17, JSON-LD datePublished; the live page no longer declares it. modified_date: declared in the Wayback Machine capture of 2021-05-17, Open Graph article:modified_time; the live page no longer declares it"
2026-09-11,chatgpt,travel,whats the cheapest place to go skiing in france,2,https://www.lesorres.com/skier-aux-orres/le-domaine-skiable/les-forfaits-de-ski?utm_source=chatgpt.com,https://www.lesorres.com/skier-aux-orres/le-domaine-skiable/les-forfaits-de-ski?utm_source=chatgpt.com,2025-11-20,True,2026-04-16,True,"created_date: APPROXIMATE, upper bound — first Wayback Machine capture 2025-11-20; the page existed by then (1 monthly captures on record). modified_date: APPROXIMATE — article prose changed between the Wayback Machine capture of 2025-11-20 and the live page; midpoint reported, window 294 days, 1 captures compared"
2026-09-11,chatgpt,travel,whats the cheapest place to go skiing in france,3,https://www.passemontagne.fr/en/pricing/les-orres?utm_source=chatgpt.com,https://www.passemontagne.fr/en/pricing/les-orres?utm_source=chatgpt.com,2026-06-07,True,,False,"created_date: APPROXIMATE, upper bound — first Wayback Machine capture 2026-06-07; the page existed by then (1 monthly captures on record). modified_date: none — page declares no modified date; no extractable prose (JS-rendered, PDF or bot wall), so captures cannot be compared"
2026-09-11,chatgpt,travel,whats the cheapest place to go skiing in france,4,https://forfait.lesorres.com/fr/?utm_source=chatgpt.com,https://forfait.lesorres.com/fr/?utm_source=chatgpt.com,2022-06-23,True,,False,"created_date: APPROXIMATE, upper bound — first Wayback Machine capture 2022-06-23; the page existed by then (37 monthly captures on record). modified_date: none — page declares no modified date; no extractable prose (JS-rendered, PDF or bot wall), so captures cannot be compared"
2026-09-11,chatgpt,travel,whats the cheapest place to go skiing in france,5,https://www.aussois.com/en/ski-et-glisse/les-forfaits-de-ski/?utm_source=chatgpt.com,https://www.aussois.com/en/ski-et-glisse/les-forfaits-de-ski/?utm_source=chatgpt.com,2022-11-24,False,2026-09-10,False,"created_date: declared by the page, JSON-LD datePublished, live fetch 2026-09-11. modified_date: declared by the page, Open Graph article:modified_time, live fetch 2026-09-11"
2026-09-11,chatgpt,travel,"Which is the best temple for a temple stay in Seoul, other than Bongeunsa",1,https://seoulwindow.com/en/guides/templestay-seoul-english-guide/?utm_source=chatgpt.com,https://seoulwindow.com/en/guides/templestay-seoul-english-guide/?utm_source=chatgpt.com,2026-08-04,False,2026-08-04,False,"created_date: declared by the page, JSON-LD datePublished, live fetch 2026-09-11. modified_date: declared by the page, Open Graph article:modified_time, live fetch 2026-09-11"
2026-09-11,chatgpt,travel,"Which is the best temple for a temple stay in Seoul, other than Bongeunsa",2,https://world.seoul.go.kr/service/amusement/temple-stay/?utm_source=chatgpt.com,https://world.seoul.go.kr/service/amusement/temple-stay/?utm_source=chatgpt.com,2022-08-09,True,2022-08-09,True,"created_date: APPROXIMATE, upper bound — first Wayback Machine capture 2022-08-09; the page existed by then (1 monthly captures on record). modified_date: APPROXIMATE, upper bound — article prose identical to the first Wayback Machine capture 2022-08-09; the last edit predates the archive"
2026-09-11,chatgpt,travel,"Which is the best temple for a temple stay in Seoul, other than Bongeunsa",3,https://www.seoulwindow.com/en/guides/templestay-seoul-english-guide/?utm_source=chatgpt.com,https://www.seoulwindow.com/en/guides/templestay-seoul-english-guide/?utm_source=chatgpt.com,2026-08-04,False,2026-08-04,False,"created_date: declared by the page, JSON-LD datePublished, live fetch 2026-09-11. modified_date: declared by the page, Open Graph article:modified_time, live fetch 2026-09-11"
2026-09-11,chatgpt,travel,"Which is the best temple for a temple stay in Seoul, other than Bongeunsa",4,https://jinkwansa.templestay.com/en/MI000000000000000063/board/BO00000071/list.do?utm_source=chatgpt.com,https://jinkwansa.templestay.com/en/MI000000000000000063/board/BO00000071/list.do?utm_source=chatgpt.com,,False,,False,created_date: none — never archived by the Wayback Machine. modified_date: none — page declares no modified date; never archived by the Wayback Machine
2026-09-11,chatgpt,travel,"Which is the best temple for a temple stay in Seoul, other than Bongeunsa",5,https://english.visitseoul.net/stay-new/Templestay-Finding-Your-True-Self_/10105?utm_source=chatgpt.com,https://english.visitseoul.net/stay-new/Templestay-Finding-Your-True-Self_/10105?utm_source=chatgpt.com,2016-09-09,True,2024-05-05,True,"created_date: APPROXIMATE, upper bound — first Wayback Machine capture 2016-09-09; the page existed by then (23 monthly captures on record). modified_date: APPROXIMATE — article prose changed between the Wayback Machine capture of 2022-10-03 and the Wayback capture of 2025-12-06; midpoint reported, window 1160 days, 5 captures compared"
2026-09-11,chatgpt,travel,"Which is the best temple for a temple stay in Seoul, other than Bongeunsa",6,https://english.visitseoul.net/editorspicks/SeoulTemplestay/ENN3bp780?utm_source=chatgpt.com,https://english.visitseoul.net/editorspicks/SeoulTemplestay/ENN3bp780?utm_source=chatgpt.com,2025-10-10,True,2025-10-10,True,"created_date: APPROXIMATE, upper bound — first Wayback Machine capture 2025-10-10; the page existed by then (3 monthly captures on record). modified_date: APPROXIMATE, upper bound — article prose identical to the first Wayback Machine capture 2025-10-10; the last edit predates the archive"
2026-09-11,chatgpt,travel,"Which is the best temple for a temple stay in Seoul, other than Bongeunsa",7,https://english.visitseoul.net/area/InternationalSeonCenter/ENP0pzgtj?utm_source=chatgpt.com,https://english.visitseoul.net/area/InternationalSeonCenter/ENP0pzgtj?utm_source=chatgpt.com,,False,,False,created_date: none — never archived by the Wayback Machine. modified_date: none — page declares no modified date; never archived by the Wayback Machine
2026-09-11,chatgpt,travel,"im travelling from milan to portula and havent sorted the transport yet. can you plan every transfer including hotel to the places im visiting, and tell me exactly where and how to buy the tickets?",1,https://www.rome2rio.com/s/Milan/Portula?utm_source=chatgpt.com,https://www.rome2rio.com/s/Milan/Portula?utm_source=chatgpt.com,,False,,False,created_date: none — never archived by the Wayback Machine. modified_date: none — page declares no modified date; never archived by the Wayback Machine
2026-09-11,chatgpt,travel,"im travelling from milan to portula and havent sorted the transport yet. can you plan every transfer including hotel to the places im visiting, and tell me exactly where and how to buy the tickets?",2,https://www.rome2rio.com/it/s/Stazione-di-Milano-Centrale/Portula?utm_source=chatgpt.com,https://www.rome2rio.com/it/s/Stazione-di-Milano-Centrale/Portula?utm_source=chatgpt.com,,False,,False,created_date: none — never archived by the Wayback Machine. modified_date: none — page declares no modified date; never archived by the Wayback Machine
2026-09-11,chatgpt,saas,Can you recommend a free software for converting .dat files to .fbk?,1,https://help.autodesk.com/cloudhelp/2023/ENU/Civil3D-UserGuide/files/GUID-4523BE03-F340-45C6-B60F-126CF468AD44.htm?utm_source=chatgpt.com,https://help.autodesk.com/cloudhelp/2023/ENU/Civil3D-UserGuide/files/GUID-4523BE03-F340-45C6-B60F-126CF468AD44.htm?utm_source=chatgpt.com,,False,,False,"created_date: none — never archived by the Wayback Machine. modified_date: none — only an HTTP Last-Modified header (deploy time, not an edit); never archived by the Wayback Machine"
2026-09-11,chatgpt,saas,Can you recommend a free software for converting .dat files to .fbk?,2,https://help.fieldsystems.trimble.com/tbc/20412.htm?utm_source=chatgpt.com,https://help.fieldsystems.trimble.com/tbc/20412.htm?utm_source=chatgpt.com,,False,,False,"created_date: none — never archived by the Wayback Machine. modified_date: none — only an HTTP Last-Modified header (deploy time, not an edit); never archived by the Wayback Machine"
2026-09-11,chatgpt,shopping,what are the best cameras that are known for their insane detail and quality in images,1,https://www.bhphotovideo.com/c/compare/Sony_A7R%2BVI_vs_Nikon_Z8_vs_FUJIFILM_GFX%2B100%2BII_vs_Hasselblad_X2D%2BII%2B100C/BHitems/1970580-REG_1765622-REG_1784860-REG_1908829-REG?utm_source=chatgpt.com,https://www.bhphotovideo.com/c/compare/Sony_A7R%2BVI_vs_Nikon_Z8_vs_FUJIFILM_GFX%2B100%2BII_vs_Hasselblad_X2D%2BII%2B100C/BHitems/1970580-REG_1765622-REG_1784860-REG_1908829-REG?utm_source=chatgpt.com,,False,,False,created_date: none — never archived by the Wayback Machine. modified_date: none — page declares no modified date; never archived by the Wayback Machine
2026-09-11,chatgpt,shopping,what are the best cameras that are known for their insane detail and quality in images,2,https://petapixel.com/2024/10/05/sony-a7r-v-vs-nikon-z8-vs-canon-r5-ii-which-high-res-camera-is-best/?utm_source=chatgpt.com,https://petapixel.com/2024/10/05/sony-a7r-v-vs-nikon-z8-vs-canon-r5-ii-which-high-res-camera-is-best/?utm_source=chatgpt.com,2024-10-05,False,2024-10-04,False,"created_date: declared by the page, Open Graph article:published_time, live fetch 2026-09-11. modified_date: declared in the Wayback Machine capture of 2024-11-26, Open Graph article:modified_time; the live page no longer declares it"
2026-09-11,chatgpt,shopping,what are the best cameras that are known for their insane detail and quality in images,3,https://www.bhphotovideo.com/c/compare/Canon_R5%2BMark%2BII_vs_Sony_A7R%2BV_vs_Nikon_Z8_vs_FUJIFILM_GFX%2B100%2BII/BHitems/1840289-REG_1731389-REG_1765622-REG_1784860-REG?utm_source=chatgpt.com,https://www.bhphotovideo.com/c/compare/Canon_R5%2BMark%2BII_vs_Sony_A7R%2BV_vs_Nikon_Z8_vs_FUJIFILM_GFX%2B100%2BII/BHitems/1840289-REG_1731389-REG_1765622-REG_1784860-REG?utm_source=chatgpt.com,,False,,False,created_date: none — page refused the fetch. modified_date: none — page declares no modified date; Wayback fetch error
2026-09-11,chatgpt,shopping,what are the best cameras that are known for their insane detail and quality in images,4,https://www.dpreview.com/reviews/hasselblad-x2d-ii-100c-in-depth-review/?utm_source=chatgpt.com,https://www.dpreview.com/reviews/hasselblad-x2d-ii-100c-in-depth-review/?utm_source=chatgpt.com,2025-09-15,False,2025-09-16,True,"created_date: declared in the Wayback Machine capture of 2026-07-01, JSON-LD datePublished; the live page no longer declares it. modified_date: APPROXIMATE, upper bound — article prose identical to the first Wayback Machine capture 2025-09-16; the last edit predates the archive"
2026-09-11,chatgpt,wellness,Suggest me top 20 camera modules and machin visions with 4k quality that can be use in medical rigid endoscopy,1,https://www.medicalexpo.com/prod/e-con-systems/product-304230-1205434.html?utm_source=chatgpt.com,https://www.medicalexpo.com/prod/e-con-systems/product-304230-1205434.html?utm_source=chatgpt.com,,False,,False,created_date: none — never archived by the Wayback Machine. modified_date: none — page declares no modified date; never archived by the Wayback Machine
2026-09-11,chatgpt,wellness,Suggest me top 20 camera modules and machin visions with 4k quality that can be use in medical rigid endoscopy,2,https://www.sincerefirst.com/product/4k-usb-camera-module-series?utm_source=chatgpt.com,https://www.sincerefirst.com/product/4k-usb-camera-module-series?utm_source=chatgpt.com,,False,,False,"created_date: none — never archived by the Wayback Machine. modified_date: none — only an HTTP Last-Modified header (deploy time, not an edit); never archived by the Wayback Machine"
2026-09-11,chatgpt,wellness,Suggest me top 20 camera modules and machin visions with 4k quality that can be use in medical rigid endoscopy,3,https://www.dfrobot.com/product-3129.html/?utm_source=chatgpt.com,https://www.dfrobot.com/product-3129.html/?utm_source=chatgpt.com,,False,,False,created_date: none — never archived by the Wayback Machine. modified_date: none — page declares no modified date; never archived by the Wayback Machine
2026-09-11,chatgpt,wellness,Suggest me top 20 camera modules and machin visions with 4k quality that can be use in medical rigid endoscopy,4,https://www.tvcnet.1stvision.com/cameras/models/IDS-Imaging/U3-34J0CP-M/C?utm_source=chatgpt.com,https://www.tvcnet.1stvision.com/cameras/models/IDS-Imaging/U3-34J0CP-M/C?utm_source=chatgpt.com,,False,,False,created_date: none — never archived by the Wayback Machine. modified_date: none — page declares no modified date; never archived by the Wayback Machine
2026-09-11,chatgpt,wellness,Suggest me top 20 camera modules and machin visions with 4k quality that can be use in medical rigid endoscopy,5,https://www.dfrobot.com/product-3134.html?utm_source=chatgpt.com,https://www.dfrobot.com/product-3134.html?utm_source=chatgpt.com,,False,,False,created_date: none — never archived by the Wayback Machine. modified_date: none — page declares no modified date; never archived by the Wayback Machine
2026-09-11,chatgpt,wellness,Suggest me top 20 camera modules and machin visions with 4k quality that can be use in medical rigid endoscopy,6,https://www.dfrobot.com/product-3133.html?utm_source=chatgpt.com,https://www.dfrobot.com/product-3133.html?utm_source=chatgpt.com,2026-09-07,True,2026-09-11,True,"created_date: APPROXIMATE, upper bound — first Wayback Machine capture 2026-09-07; the page existed by then (1 monthly captures on record). modified_date: APPROXIMATE — rotating listing (directory, route or deals page); entries differ under every Wayback capture, so treated as updated at the run date"
2026-09-11,chatgpt,wellness,Suggest me top 20 camera modules and machin visions with 4k quality that can be use in medical rigid endoscopy,7,https://www.innopmedical.com/medical-endoscope-camera-module/4k-medical-endoscope-camera-module/?utm_source=chatgpt.com,https://www.innopmedical.com/medical-endoscope-camera-module/4k-medical-endoscope-camera-module/?utm_source=chatgpt.com,,False,,False,created_date: none — never archived by the Wayback Machine. modified_date: none — page declares no modified date; never archived by the Wayback Machine
2026-09-11,chatgpt,wellness,Suggest me top 20 camera modules and machin visions with 4k quality that can be use in medical rigid endoscopy,8,https://www.okgoobuy.com/sony-starvis2-imx678-camera-module.html?utm_source=chatgpt.com,https://www.okgoobuy.com/sony-starvis2-imx678-camera-module.html?utm_source=chatgpt.com,,False,,False,created_date: none — never archived by the Wayback Machine. modified_date: none — page declares no modified date; never archived by the Wayback Machine
2026-09-11,chatgpt,wellness,can you suggest a dentist in athens greece that exams teeth for demineralization?,1,https://oradent.gr/en/fthoriosi-dontion/?utm_source=chatgpt.com,https://oradent.gr/en/fthoriosi-dontion/?utm_source=chatgpt.com,,False,,False,created_date: none — never archived by the Wayback Machine. modified_date: none — page declares no modified date; never archived by the Wayback Machine
2026-09-11,chatgpt,shopping,can you suggest some free ai apps for iphone to help me choose hair cut and hair color,1,https://apps.apple.com/us/app/youcam-makeup-face-editor/id863844475?utm_source=chatgpt.com,https://apps.apple.com/us/app/youcam-makeup-face-editor/id863844475?utm_source=chatgpt.com,,False,,False,"platform page (Google surface, video or social); never states page dates; not checked"
2026-09-11,chatgpt,shopping,can you suggest some free ai apps for iphone to help me choose hair cut and hair color,2,https://www.tryspree.app/blog/best-hair-try-on-apps-iphone?utm_source=chatgpt.com,https://www.tryspree.app/blog/best-hair-try-on-apps-iphone?utm_source=chatgpt.com,2026-08-15,False,2026-08-15,False,"created_date: declared by the page, JSON-LD datePublished, live fetch 2026-09-11. modified_date: declared by the page, JSON-LD dateModified, live fetch 2026-09-11"
2026-09-11,chatgpt,shopping,can you suggest some free ai apps for iphone to help me choose hair cut and hair color,3,https://apps.apple.com/us/app/hairapp-ai-hairstyle-try-on/id6740919592?utm_source=chatgpt.com,https://apps.apple.com/us/app/hairapp-ai-hairstyle-try-on/id6740919592?utm_source=chatgpt.com,,False,,False,"platform page (Google surface, video or social); never states page dates; not checked"
2026-09-11,chatgpt,shopping,can you suggest some free ai apps for iphone to help me choose hair cut and hair color,4,https://appshunter.io/ios/topics/face-app-hairstyles?utm_source=chatgpt.com,https://appshunter.io/ios/topics/face-app-hairstyles?utm_source=chatgpt.com,,False,,False,created_date: none — never archived by the Wayback Machine. modified_date: none — page declares no modified date; never archived by the Wayback Machine
2026-09-11,chatgpt,finance,"tell me about the idea of doing an investment in the atm for example 3000 dollar
how much can i earn
tell me the best location in hamilton 
how much money i need to buy the atm
tell me step by step process 
how much i can get if i lease my atm
best location to set up an atm and earn maximum profit in toranto
how much can i make there
do i need to put my money in atm
how much money do i need for filling it regularly",1,https://www.canada.ca/en/financial-consumer-agency/services/banking/atm-fees.html?utm_source=chatgpt.com,https://www.canada.ca/en/financial-consumer-agency/services/banking/atm-fees.html?utm_source=chatgpt.com,2017-01-13,True,2022-08-12,True,"created_date: APPROXIMATE, upper bound — first Wayback Machine capture 2017-01-13; the page existed by then (59 monthly captures on record). modified_date: APPROXIMATE — article prose changed between the Wayback Machine capture of 2022-08-05 and the Wayback capture of 2022-08-19; midpoint reported, window 13 days, 7 captures compared"
2026-09-11,chatgpt,finance,"tell me about the idea of doing an investment in the atm for example 3000 dollar
how much can i earn
tell me the best location in hamilton 
how much money i need to buy the atm
tell me step by step process 
how much i can get if i lease my atm
best location to set up an atm and earn maximum profit in toranto
how much can i make there
do i need to put my money in atm
how much money do i need for filling it regularly",2,https://toronto-atm.ca/?utm_source=chatgpt.com,https://toronto-atm.ca/?utm_source=chatgpt.com,2025-09-13,False,2026-04-08,False,"created_date: declared by the page, Open Graph article:published_time, live fetch 2026-09-11. modified_date: declared by the page, Open Graph article:modified_time, live fetch 2026-09-11"
2026-09-11,chatgpt,finance,"tell me about the idea of doing an investment in the atm for example 3000 dollar
how much can i earn
tell me the best location in hamilton 
how much money i need to buy the atm
tell me step by step process 
how much i can get if i lease my atm
best location to set up an atm and earn maximum profit in toranto
how much can i make there
do i need to put my money in atm
how much money do i need for filling it regularly",3,https://ideacrystal.com/en/startup-costs/atm?utm_source=chatgpt.com,https://ideacrystal.com/en/startup-costs/atm?utm_source=chatgpt.com,,False,2026-07-20,False,"created_date: none — page declares no publish date; not archived. modified_date: declared by the page, JSON-LD dateModified, live fetch 2026-09-11"
2026-09-11,chatgpt,finance,"tell me about the idea of doing an investment in the atm for example 3000 dollar
how much can i earn
tell me the best location in hamilton 
how much money i need to buy the atm
tell me step by step process 
how much i can get if i lease my atm
best location to set up an atm and earn maximum profit in toranto
how much can i make there
do i need to put my money in atm
how much money do i need for filling it regularly",4,https://www.mintatm.com/atm-ownership-program?utm_source=chatgpt.com,https://www.mintatm.com/atm-ownership-program?utm_source=chatgpt.com,2024-10-13,True,2026-05-02,True,"created_date: APPROXIMATE, upper bound — first Wayback Machine capture 2024-10-13; the page existed by then (8 monthly captures on record). modified_date: APPROXIMATE — article prose changed between the Wayback Machine capture of 2026-04-13 and the Wayback capture of 2026-05-21; midpoint reported, window 37 days, 4 captures compared"
2026-09-11,chatgpt,finance,"tell me about the idea of doing an investment in the atm for example 3000 dollar
how much can i earn
tell me the best location in hamilton 
how much money i need to buy the atm
tell me step by step process 
how much i can get if i lease my atm
best location to set up an atm and earn maximum profit in toranto
how much can i make there
do i need to put my money in atm
how much money do i need for filling it regularly",5,https://www.mintatm.com/free-atm-program?utm_source=chatgpt.com,https://www.mintatm.com/free-atm-program?utm_source=chatgpt.com,2024-10-13,True,2026-04-17,True,"created_date: APPROXIMATE, upper bound — first Wayback Machine capture 2024-10-13; the page existed by then (7 monthly captures on record). modified_date: APPROXIMATE — article prose changed between the Wayback Machine capture of 2026-03-15 and the Wayback capture of 2026-05-21; midpoint reported, window 67 days, 3 captures compared"
2026-09-11,chatgpt,finance,"tell me about the idea of doing an investment in the atm for example 3000 dollar
how much can i earn
tell me the best location in hamilton 
how much money i need to buy the atm
tell me step by step process 
how much i can get if i lease my atm
best location to set up an atm and earn maximum profit in toranto
how much can i make there
do i need to put my money in atm
how much money do i need for filling it regularly",6,https://www.bankofcanada.ca/2026/06/criteria-for-registering-payment-service-providers/?utm_source=chatgpt.com,https://www.bankofcanada.ca/2026/06/criteria-for-registering-payment-service-providers/?utm_source=chatgpt.com,,False,,False,created_date: none — never archived by the Wayback Machine. modified_date: none — page declares no modified date; never archived by the Wayback Machine
2026-09-11,chatgpt,finance,"tell me about the idea of doing an investment in the atm for example 3000 dollar
how much can i earn
tell me the best location in hamilton 
how much money i need to buy the atm
tell me step by step process 
how much i can get if i lease my atm
best location to set up an atm and earn maximum profit in toranto
how much can i make there
do i need to put my money in atm
how much money do i need for filling it regularly",7,https://www.canada.ca/en/financial-consumer-agency/services/banking/using-debit.html?utm_source=chatgpt.com,https://www.canada.ca/en/financial-consumer-agency/services/banking/using-debit.html?utm_source=chatgpt.com,2017-01-13,True,2023-01-03,True,"created_date: APPROXIMATE, upper bound — first Wayback Machine capture 2017-01-13; the page existed by then (58 monthly captures on record). modified_date: APPROXIMATE — article prose changed between the Wayback Machine capture of 2022-10-17 and the Wayback capture of 2023-03-23; midpoint reported, window 157 days, 6 captures compared"
2026-09-11,chatgpt,local_services,how much does it cost to hire a software developer to make a website for a small buisness in ocala florida,1,https://www.ocooswebconsulting.com/website-development-ocala-florida?utm_source=chatgpt.com,https://www.ocooswebconsulting.com/website-development-ocala-florida?utm_source=chatgpt.com,,False,,False,created_date: none — never archived by the Wayback Machine. modified_date: none — page declares no modified date; never archived by the Wayback Machine
2026-09-11,chatgpt,local_services,how much does it cost to hire a software developer to make a website for a small buisness in ocala florida,2,https://www.simplyit.biz/solutions/marketing/web-development?utm_source=chatgpt.com,https://www.simplyit.biz/solutions/marketing/web-development?utm_source=chatgpt.com,2026-05-17,True,2026-05-17,True,"created_date: APPROXIMATE, upper bound — first Wayback Machine capture 2026-05-17; the page existed by then (1 monthly captures on record). modified_date: APPROXIMATE, upper bound — article prose identical to the first Wayback Machine capture 2026-05-17; the last edit predates the archive"
2026-09-11,chatgpt,local_services,how much does it cost to hire a software developer to make a website for a small buisness in ocala florida,3,https://www.499site.com/pricing?utm_source=chatgpt.com,https://www.499site.com/pricing?utm_source=chatgpt.com,,False,,False,created_date: none — page declares no publish date. modified_date: none — page declares no modified date; Wayback fetch error
2026-09-11,chatgpt,local_services,how much does it cost to hire a software developer to make a website for a small buisness in ocala florida,4,https://www.iwantawebsite.com/?utm_source=chatgpt.com,https://www.iwantawebsite.com/?utm_source=chatgpt.com,1998-12-06,True,2025-03-10,True,"created_date: APPROXIMATE, upper bound — first Wayback Machine capture 1998-12-06; the page existed by then (75 monthly captures on record). modified_date: APPROXIMATE — article prose changed between the Wayback Machine capture of 2024-12-07 and the Wayback capture of 2025-06-10; midpoint reported, window 184 days, 6 captures compared"
2026-09-11,chatgpt,local_services,how much does it cost to hire a software developer to make a website for a small buisness in ocala florida,5,https://thekeyandcrown.com/?utm_source=chatgpt.com,https://thekeyandcrown.com/?utm_source=chatgpt.com,,False,,False,created_date: none — never archived by the Wayback Machine. modified_date: none — page declares no modified date; never archived by the Wayback Machine
2026-09-11,chatgpt,finance,"What is the cheapest renters insurance policy that I can buy to satisfy this requirement: ""AM Best rating of A-VII""",1,https://invitationhomes.zendesk.com/hc/en-us/articles/16069050282637-What-are-my-renters-insurance-coverage-requirements-?utm_source=chatgpt.com,https://invitationhomes.zendesk.com/hc/en-us/articles/16069050282637-What-are-my-renters-insurance-coverage-requirements-?utm_source=chatgpt.com,,False,,False,created_date: none — never archived by the Wayback Machine. modified_date: none — page declares no modified date; never archived by the Wayback Machine
2026-09-11,chatgpt,finance,"What is the cheapest renters insurance policy that I can buy to satisfy this requirement: ""AM Best rating of A-VII""",2,https://www.elcajon.gov/your-government/departments/city-manager/risk-management/city-insurance-requirements/general-insurance-requirements?utm_source=chatgpt.com,https://www.elcajon.gov/your-government/departments/city-manager/risk-management/city-insurance-requirements/general-insurance-requirements?utm_source=chatgpt.com,2021-11-01,True,2021-11-01,True,"created_date: APPROXIMATE, upper bound — first Wayback Machine capture 2021-11-01; the page existed by then (7 monthly captures on record). modified_date: APPROXIMATE, upper bound — article prose identical to the first Wayback Machine capture 2021-11-01; the last edit predates the archive"
2026-09-11,chatgpt,finance,"What is the cheapest renters insurance policy that I can buy to satisfy this requirement: ""AM Best rating of A-VII""",3,https://www.nerdwallet.com/insurance/renters/renters-insurance-california?utm_source=chatgpt.com,https://www.nerdwallet.com/insurance/renters/renters-insurance-california?utm_source=chatgpt.com,2025-04-03,False,2026-09-04,False,"created_date: declared by the page, JSON-LD datePublished, live fetch 2026-09-11. modified_date: declared by the page, JSON-LD dateModified, live fetch 2026-09-11"
2026-09-11,chatgpt,finance,"What is the cheapest renters insurance policy that I can buy to satisfy this requirement: ""AM Best rating of A-VII""",4,https://www.moneygeek.com/insurance/renters/best-cheap-renters-insurance-in-california/?utm_source=chatgpt.com,https://www.moneygeek.com/insurance/renters/best-cheap-renters-insurance-in-california/?utm_source=chatgpt.com,2026-03-06,False,2026-03-06,False,"created_date: declared by the page, Open Graph article:published_time, live fetch 2026-09-11. modified_date: declared by the page, Open Graph article:modified_time, live fetch 2026-09-11"
2026-09-11,chatgpt,finance,"What is the cheapest renters insurance policy that I can buy to satisfy this requirement: ""AM Best rating of A-VII""",5,https://www.nerdwallet.com/insurance/renters/cheap-renters-insurance?utm_source=chatgpt.com,https://www.nerdwallet.com/insurance/renters/cheap-renters-insurance?utm_source=chatgpt.com,2025-04-03,False,2026-08-24,False,"created_date: declared by the page, JSON-LD datePublished, live fetch 2026-09-11. modified_date: declared by the page, JSON-LD dateModified, live fetch 2026-09-11"
2026-09-11,chatgpt,finance,"What is the cheapest renters insurance policy that I can buy to satisfy this requirement: ""AM Best rating of A-VII""",6,https://www.nerdwallet.com/insurance/renters/best-renters-insurance-companies?utm_source=chatgpt.com,https://www.nerdwallet.com/insurance/renters/best-renters-insurance-companies?utm_source=chatgpt.com,2025-04-17,False,2026-08-31,False,"created_date: declared by the page, JSON-LD datePublished, live fetch 2026-09-11. modified_date: declared by the page, JSON-LD dateModified, live fetch 2026-09-11"
2026-09-11,chatgpt,finance,"What is the cheapest renters insurance policy that I can buy to satisfy this requirement: ""AM Best rating of A-VII""",7,https://www.insurance.com/renters-insurance/best-renters-insurance-in-california/?utm_source=chatgpt.com,https://www.insurance.com/renters-insurance/best-renters-insurance-in-california/?utm_source=chatgpt.com,2021-04-06,False,2026-02-19,False,"created_date: declared by the page, JSON-LD datePublished, live fetch 2026-09-11. modified_date: declared by the page, JSON-LD dateModified, live fetch 2026-09-11"
2026-09-11,chatgpt,finance,"What is the cheapest renters insurance policy that I can buy to satisfy this requirement: ""AM Best rating of A-VII""",8,https://www.insurance.ca.gov/01-consumers/105-type/9-compare-prem/?utm_source=chatgpt.com,https://www.insurance.ca.gov/01-consumers/105-type/9-compare-prem/?utm_source=chatgpt.com,2014-09-08,True,2014-09-08,True,"created_date: APPROXIMATE, upper bound — first Wayback Machine capture 2014-09-08; the page existed by then (101 monthly captures on record). modified_date: APPROXIMATE, upper bound — article prose identical to the first Wayback Machine capture 2014-09-08; the last edit predates the archive"
2026-09-11,chatgpt,saas,Competitor of Deel,1,https://remote.com/blog/eor-peo/deel-vs-rippling-vs-remote-vs-papaya-global?utm_source=chatgpt.com,https://remote.com/blog/eor-peo/deel-vs-rippling-vs-remote-vs-papaya-global?utm_source=chatgpt.com,2026-05-01,False,2026-08-10,False,"created_date: declared by the page, JSON-LD datePublished, live fetch 2026-09-11. modified_date: declared by the page, JSON-LD dateModified, live fetch 2026-09-11"
2026-09-11,chatgpt,saas,Competitor of Deel,2,https://rippling2.imgix.net/Investor-Memo-2024-Apr-public.pdf?utm_source=chatgpt.com,https://rippling2.imgix.net/Investor-Memo-2024-Apr-public.pdf?utm_source=chatgpt.com,2024-05-24,True,,False,"created_date: APPROXIMATE, upper bound — first Wayback Machine capture 2024-05-24; the page existed by then (2 monthly captures on record). modified_date: none — page declares no modified date; no extractable prose (JS-rendered, PDF or bot wall), so captures cannot be compared"
2026-09-11,chatgpt,saas,Competitor of Deel,3,https://www.oysterhr.com/library/deel-competitors?utm_source=chatgpt.com,https://www.oysterhr.com/library/deel-competitors?utm_source=chatgpt.com,2025-06-18,False,2026-07-15,False,"created_date: declared by the page, JSON-LD datePublished, live fetch 2026-09-11. modified_date: declared by the page, JSON-LD dateModified, live fetch 2026-09-11"
2026-09-11,chatgpt,saas,Competitor of Deel,4,https://www.wisemonk.io/de-de/blogs/deel-competitors-alternatives?utm_source=chatgpt.com,https://www.wisemonk.io/de-de/blogs/deel-competitors-alternatives?utm_source=chatgpt.com,2026-05-08,False,2026-07-20,False,"created_date: declared by the page, Open Graph article:published_time, live fetch 2026-09-11. modified_date: declared by the page, Open Graph article:modified_time, live fetch 2026-09-11"
2026-09-11,chatgpt,travel,"im looking for wedding venues in the yarra valley victoria, what packages and prices are out there?",1,https://ivorytribe.com.au/yarra-valley-wedding-venues/?utm_source=chatgpt.com,https://ivorytribe.com.au/yarra-valley-wedding-venues/?utm_source=chatgpt.com,2025-06-24,False,2026-04-28,False,"created_date: declared by the page, Open Graph article:published_time, live fetch 2026-09-11. modified_date: declared by the page, Open Graph article:modified_time, live fetch 2026-09-11"
2026-09-11,chatgpt,travel,"im looking for wedding venues in the yarra valley victoria, what packages and prices are out there?",2,https://www.easyweddings.com.au/WeddingVenues/advice/all-inclusive-packages/?utm_source=chatgpt.com,https://www.easyweddings.com.au/WeddingVenues/advice/all-inclusive-packages/?utm_source=chatgpt.com,2025-04-28,False,2025-04-28,False,"created_date: declared by the page, JSON-LD datePublished, live fetch 2026-09-11. modified_date: declared by the page, JSON-LD dateModified, live fetch 2026-09-11"
2026-09-11,chatgpt,travel,"im looking for wedding venues in the yarra valley victoria, what packages and prices are out there?",3,https://www.stonesoftheyarravalley.com/weddings?utm_source=chatgpt.com,https://www.stonesoftheyarravalley.com/weddings?utm_source=chatgpt.com,2016-03-27,True,,False,"created_date: APPROXIMATE, upper bound — first Wayback Machine capture 2016-03-27; the page existed by then (7 monthly captures on record). modified_date: none — page declares no modified date; no extractable prose (JS-rendered, PDF or bot wall), so captures cannot be compared"
2026-09-11,chatgpt,travel,"im looking for wedding venues in the yarra valley victoria, what packages and prices are out there?",4,https://www.balgownie.com/yarra-valley/weddings/wedding-package-yarra-valley/?utm_source=chatgpt.com,https://www.balgownie.com/yarra-valley/weddings/wedding-package-yarra-valley/?utm_source=chatgpt.com,,False,,False,created_date: none — never archived by the Wayback Machine. modified_date: none — page declares no modified date; never archived by the Wayback Machine
2026-09-11,chatgpt,travel,"im looking for wedding venues in the yarra valley victoria, what packages and prices are out there?",5,https://www.restaurantsyarravalley.com.au/guides/wedding-venues-yarra-valley/?utm_source=chatgpt.com,https://www.restaurantsyarravalley.com.au/guides/wedding-venues-yarra-valley/?utm_source=chatgpt.com,2026-05-13,False,2026-06-08,True,"created_date: declared by the page, JSON-LD datePublished, live fetch 2026-09-11. modified_date: APPROXIMATE, upper bound — article prose identical to the first Wayback Machine capture 2026-06-08; the last edit predates the archive"
2026-09-11,chatgpt,finance,which sectoral mutual funds would be best in india for the next 7 years to get the highest gain?,1,https://www.amfiindia.com/investor/knowledge-center-info?zoneName=CategorizationOfMutualFundSchemes&utm_source=chatgpt.com,https://www.amfiindia.com/investor/knowledge-center-info?zoneName=CategorizationOfMutualFundSchemes&utm_source=chatgpt.com,,False,,False,created_date: none — page declares no publish date. modified_date: none — page declares no modified date; Wayback fetch error
